Park ID,AverageRating
M108N,0.0
M108H,0.1111111111111111
M108G,0.18181818181818182
M108F,0.1
M076,0.25
XZ258,0.0
XZ256,0.0
Q102-ZN01,0.09090909090909091
Q102-ZN02,0.07692307692307693
XZ255,0.125
Q102-ZN04,0.03333333333333333
M108Q,0.0
RZ123,0.0
RZ121,0.0
RZ127,0.0
Q205A,0.2692307692307693
Q360S,0.0
Q205B,0.08333333333333333
X045-ZN03,0.4444444444444444
X045-ZN02,0.3
X045-ZN01,0.2692307692307693
RZ125,0.0
Q360P,0.0
Q399,0.09090909090909091
Q398,0.08333333333333333
Q397,0.09090909090909091
Q396,0.125
Q387B,0.0625
Q394,0.08333333333333333
Q387D,0.125
Q392,0.07142857142857142
Q391,0.18181818181818182
Q390,0.041666666666666664
M009,0.25
M008,0.0
Q159,0.0
QZ04,0.0
M003,0.045454545454545456
M002,0.2
M001,0.0
Q156,0.07142857142857142
M007,0.045454545454545456
M004,0.25
Q024-05,0.03333333333333333
Q024-03,0.045454545454545456
Q024-02,0.0
B073-ZN26,0.16666666666666666
M071-37,0.0
B073-ZN24,0.0
B073-ZN25,0.18181818181818182
B073-ZN22,0.07692307692307693
B073-ZN23,0.0
B073-ZN20,0.16666666666666666
B073-ZN21,0.030303030303030304
B073-ZN28,0.0
B073-ZN29,0.21212121212121213
MZ172,0.14285714285714285
XZ257,0.0
RZ013B,0.0
RZ013C,0.0
RZ013A,0.0
XZ254,0.2857142857142857
RZ013D,0.0
Q102-ZN03,0.0
M132,0.08333333333333333
M010-167,0.0
Q050-ZN09,0.03333333333333333
M138,0.22727272727272727
MZ52,0.0
MZ50,0.0
MZ51,0.14285714285714285
MZ57,0.0
M010-169,0.0
Q360G,0.0
MZ58,0.14285714285714285
MZ59,0.0625
B058-01,0.2727272727272727
RZ31,0.0
RZ30,0.0
RZ33,0.0
RZ32,0.0
RZ35,0.0
RZ34,0.0
RZ36,0.0
RZ39,0.0
RZ38,0.0
M010-ZN35,0.09090909090909091
M010-ZN34,0.09090909090909091
M258,0.041666666666666664
M259,0.0
M010-ZN31,0.0
M010-ZN30,0.07692307692307693
M010-ZN33,0.2545454545454546
M010-ZN32,0.08333333333333333
Q163-ZN07B,0.07692307692307693
Q220C-03,0.125
M251,0.18181818181818182
M256,0.045454545454545456
M257,0.0
M255,0.0
B065-ZN09,0.30000000000000004
B060-01,0.09090909090909091
B065-ZN07,0.2
X008-ZN01,0.29924242424242425
X008-ZN02,0.16666666666666666
X008-ZN03,0.3181818181818182
B065-ZN03,0.09090909090909091
B065-ZN02,0.18181818181818182
B065-ZN01,0.09090909090909091
BZ78,0.0
R059,0.045454545454545456
MZ216,0.0
X158,0.041666666666666664
X159,0.0
X156,0.1111111111111111
X157,0.25
X154,0.16666666666666666
X155,0.25
X152,0.07692307692307693
X151,0.08333333333333333
X110C,0.1
BZ59,0.0
X002-ZN06,0.19090909090909092
X002-ZN04,0.23076923076923078
X002-ZN05,0.2490842490842491
X002-ZN02,0.2727272727272727
X002-ZN03,0.23076923076923075
X002-ZN01,0.14285714285714285
RZ166,0.0
RZ167,0.0
RZ164,0.25
RZ162,0.0
RZ163,0.0
R024,0.0
RZ161,0.0
RZ004B,0.0
RZ004A,0.0
QZ699,0.0
QZ698,0.0
QZ697,0.0
QZ696,0.125
QZ695,0.0
QZ694,0.0
QZ693,0.14285714285714285
M071-ZN12,0.0
M071-ZN13,0.5
M071-ZN10,0.038461538461538464
M071-ZN11,0.0
QZ459,0.0
QZ458,0.0
M071-ZN14,0.2222222222222222
QZ108,0.0
X022,0.0
X023,0.0
QZ105,0.041666666666666664
QZ104,0.0
QZ451,0.0
QZ102,0.0
QZ453,0.0
QZ452,0.1111111111111111
Q133B,0.0
QZ52,0.0
QZ670,0.125
QZ672,0.14285714285714285
X010-10,0.0
QZ53,0.0
M188A,0.0
BZ114,0.0
BZ111,0.125
BZ110,0.0
X150I,0.08712121212121213
X150H,0.0
BZ97,0.0
BZ96,0.0
BZ95,0.0
X150L,0.0
BZ99,0.0
BZ98,0.0
X150E,0.20833333333333334
QZ50,0.125
RZ62,0.0
X013-01o,0.0
B378,0.1
B379,0.13636363636363635
RZ63,0.0
B375,0.020833333333333332
B376,0.1
B377,0.18181818181818182
RZ238,0.125
RZ239,0.0
R065-ZN10A,0.1851851851851852
R065-ZN10B,0.09090909090909091
M010-164,0.15000000000000002
B233,0.0625
B257,0.16666666666666666
RZ64,0.0
Q257,0.0
M010-151,0.05555555555555555
RZ68,0.125
Q445-01,0.0
RZ69,0.0
B110,0.027777777777777776
B111,0.07692307692307693
M029-ZN06,0.13636363636363635
XZ314,0.09090909090909091
B114,0.20833333333333331
B115,0.0
B116,0.0
B117,0.125
B288,0.25
B289,0.0
MZ240,0.0
B282,0.26515151515151514
B283,0.045454545454545456
B284,0.07142857142857142
B285,0.0
B286,0.045454545454545456
B287,0.08333333333333333
BZ247,0.0
BZ246,0.125
BZ245,0.0
BZ244,0.125
BZ243,0.0
BZ242,0.0
BZ241,0.0
BZ240,0.0
B073-ZN27,0.16666666666666666
BZ248,0.0
RT04,0.05
X010A,0.18681318681318682
B245,0.17948717948717952
B024,0.0
B025,0.4166666666666667
B026,0.20833333333333331
B027,0.0
B021,0.15384615384615385
B022,0.36363636363636365
B023,0.0
B240,0.0
XZ269,0.0
XZ268,0.0
Q018,0.1
Q019,0.05
B018-01,0.06666666666666667
XZ262,0.0
XZ261,0.0
Q017,0.08333333333333333
XZ267,0.125
Q011,0.041666666666666664
XZ265,0.0
Q013,0.20833333333333331
Q491,0.0
Q494,0.03333333333333333
M071-ZN19,0.045454545454545456
Q157,0.0
Q151,0.1111111111111111
R106-ZN03,0.17482517482517482
R106-ZN02,0.09090909090909091
R106-ZN01,0.05555555555555555
M036,0.0
M034,0.05555555555555555
M035,0.05
B251-ZN02,0.16666666666666666
B251-ZN03,0.25
M030,0.05
M089-01,0.030303030303030304
Q099-ZN21,0.05
Q099-ZN20,0.14835164835164835
Q099-ZN23,0.12237762237762238
Q099-ZN22,0.045454545454545456
Q099-ZN25,0.0
Q099-ZN24,0.4
M038,0.0
Q099-ZN26,0.14090909090909093
Q128,0.125
Q129,0.07692307692307693
X009,0.0
Q120,0.25
Q121,0.0
Q122,0.1111111111111111
Q123,0.0
Q124,0.0
Q126,0.030303030303030304
Q127,0.08391608391608392
MZ130,0.125
M029-ZN03,0.18181818181818182
M058-01,0.05
M058-06,0.1
M058-07,0.0
M100,0.0625
M101,0.0
Q231,0.0
Q232,0.0
M105,0.23076923076923078
B080-01,0.05
Q099-ZN12,0.0
MZ131,0.0
MZ49,0.0
MZ48,0.1111111111111111
B192A,0.08333333333333333
MZ45,0.0
MZ44,0.0
MZ47,0.1111111111111111
MZ46,0.0
M099-01,0.06060606060606061
MZ43,0.0
MZ42,0.0
M071-36,0.1
M072-ZN28,0.0
M072-ZN29,0.08333333333333333
M072-ZN26,0.0
M072-ZN27,0.0
M071-34,0.045454545454545456
M245,0.25
M244,0.178030303030303
M247,0.0
M246,0.10000000000000002
M241,0.16666666666666666
M240,0.0
M243,0.03333333333333333
M242,0.2
R073,0.07692307692307693
X005,0.1111111111111111
M249,0.08333333333333333
Q121-02,0.0
M010-ZN26,0.09090909090909091
M010-ZN27,0.0
B111A,0.06734006734006734
M010-ZN20,0.041666666666666664
M010-ZN21,0.0
M071-31,0.05
M010-ZN28,0.07142857142857142
M010-ZN29,0.027777777777777776
B065-ZN10,0.1
B073-ZN19,0.2212121212121212
B073-ZN18,0.13636363636363635
BZ195,0.0
B073-ZN13,0.09090909090909091
B073-ZN12,0.4
B073-ZN11,0.16666666666666666
B073-ZN10,0.125
B073-ZN17,0.08333333333333333
Q012-01,0.13636363636363635
B073-ZN15,0.0
M037-05B,0.0
X041,0.08333333333333333
B040-03,0.14285714285714285
X043,0.125
M071-38,0.0
RZ012A,0.0
RZ012C,0.0
RZ012B,0.0
RZ012E,0.0
RZ012D,0.0
Q020-ZN05,0.26573426573426573
B018-ZN04,0.2
Q020-ZN03,0.23148148148148148
B018-ZN02,0.07692307692307693
Q020-ZN01,0.13636363636363635
X141,0.10256410256410257
X146,0.0
R045-01,0.13636363636363635
X049,0.0
XZ344,0.0
RZ159,0.125
RZ158,0.0
XZ345,0.0
R083,0.125
R080,0.0
RZ157,0.0
RZ156,0.0
RZ155,0.0625
R085,0.09090909090909091
B144,0.09090909090909091
XZ295o,0.0
XZ341,0.0
X034,0.23076923076923078
X037,0.0
X036,0.0
X031,0.1
X030,0.0
X032,0.25
QZ682,0.0
B140,0.0
X010A-01,0.0
X038,0.3
QZ687,0.0
QZ118,0.0
B060,0.21428571428571427
M071-ZN25,0.05555555555555555
M071-ZN24,0.1
M071-ZN23,0.09090909090909091
M071-ZN22,0.15000000000000002
M071-ZN21,0.0
M071-ZN20,0.045454545454545456
X095o,0.16666666666666666
QZ111,0.0
QZ112,0.125
QZ113,0.0
QZ114,0.0
QZ443,0.0
QZ116,0.0
QZ117,0.0
QZ666,0.0
M105-02,0.0
M105-01,0.03333333333333333
QZ665,0.0
QZ662,0.2857142857142857
QZ660,0.0
M105-04,0.05
M105-08,0.18181818181818182
QZ668,0.0
QZ669,0.14285714285714285
B125-01,0.0
B052-01,0.0
BZ109,0.0
B088-02,0.05
B088-03,0.045454545454545456
BZ100,0.125
X123,0.11538461538461539
BZ102,0.0
BZ103,0.0
BZ104,0.0
BZ105,0.125
BZ106,0.0
X122,0.23076923076923078
X121,0.05555555555555555
QZ208,0.0
QZ209,0.0
RZ202,0.0
RZ207,0.0
RZ206,0.0
RZ205,0.0
RZ204,0.0
B367,0.09090909090909091
B058-ZN02,0.11538461538461539
B058-ZN01,0.0
B364,0.125
B363,0.09090909090909091
B362,0.0
B361,0.25
B360,0.25
BZ44,0.0
BZ45,0.25
BZ46,0.1
BZ47,0.0
BZ40,0.0
BZ42,0.0
BZ43,0.0
BZ48,0.0
BZ49,0.0
QZ656,0.2222222222222222
XZ308,0.125
XZ309,0.125
B109,0.3055555555555555
QZ658,0.14285714285714285
Q089B-01,0.06060606060606061
B102,0.08333333333333333
B107,0.0
M010-059,0.0
B105,0.39393939393939387
XZ307,0.0
B298,0.045454545454545456
QZ303,0.0
B293,0.08333333333333333
B292,0.0
B291,0.4166666666666667
B290,0.0
B297,0.07692307692307693
B296,0.36363636363636365
B295,0.2727272727272727
B294,0.0
BZ250,0.0625
BZ251,0.0
BZ253,0.0
BZ254,0.0
BZ255,0.0
BZ256,0.125
BZ257,0.0625
BZ258,0.0
BZ259,0.0
B092,0.0
R065-01,0.0
B126-01,0.05808080808080809
B212,0.08333333333333333
XZ274,0.0
XZ275,0.125
B035,0.06666666666666667
XZ277,0.125
XZ270,0.0
Q341D,0.0
XZ273,0.0
B099,0.0
XZ278,0.0
B038,0.18181818181818182
Q027-01,0.037037037037037035
Q027-02,0.045454545454545456
Q007,0.20192307692307693
Q006,0.053418803418803416
Q003,0.0625
Q002,0.21794871794871795
BZ355,0.0
X002-14,0.0
B223QA,0.1
B223QB,0.1
B223QC,0.05
M071-ZN08,0.1
Q483,0.045454545454545456
X148L1,0.16666666666666666
BZ351,0.0
XZ47,0.25
B169-ZN02B,0.19444444444444442
B169-ZN02A,0.15705128205128205
XZ44,0.0
XZ45,0.0
M021,0.0
M020,0.06666666666666667
M023,0.1
M022,0.38461538461538464
M025,0.0
MZ120,0.0
M027,0.0
MZ122,0.14285714285714285
MZ129,0.0
MZ128,0.05555555555555555
B036,0.0
BZ217,0.0
Q133,0.0
Q131,0.07142857142857142
Q137,0.0
Q136,0.0
Q134,0.125
M098-ZN01,0.0
M098-ZN02,0.09090909090909091
XZ120,0.0
M051,0.0
MZ136,0.0
MZ230,0.0
XZ124,0.0
Q225,0.0
Q224,0.047619047619047616
Q223,0.2
Q222,0.1
Q221,0.20833333333333331
X010-ZN05,0.3
X010-ZN04,0.25
X010-ZN07,0.09090909090909091
X010-ZN06,0.16666666666666666
X010-ZN01,0.0
M110,0.0
M113,0.0
X010-ZN02,0.16666666666666666
MZ30,0.05555555555555555
MZ31,0.0
MZ32,0.0
MZ33,0.0
MZ34,0.0
MZ35,0.0
MZ36,0.0
B129-01,0.05
M010-ZN37,0.07692307692307693
Q448-ZN03,0.12179487179487179
M230,0.13257575757575757
M231,0.0
M233,0.0
M234,0.09090909090909091
M235,0.21428571428571427
M236,0.16666666666666666
M237,0.0
M238,0.25
M239,0.08333333333333333
M010-ZN17,0.0
M010-ZN16,0.0
M010-ZN15,0.09090909090909091
M010-ZN14,0.0
B247-01,0.09090909090909091
B073-ZN08,0.24545454545454548
B073-ZN09,0.18181818181818182
B073-ZN04,0.23076923076923078
MZ118,0.0
B073-ZN06,0.05128205128205129
B073-ZN07,0.14545454545454545
Q163-ZN07A,0.36363636363636365
B073-ZN02,0.0
MZ119,0.0
M144-01,0.2272727272727273
B219,0.3113830613830614
M010-ZN39,0.19090909090909092
B073-02,0.2
M010-ZN38,0.16666666666666666
XZ28,0.0
Q126-01,0.037037037037037035
X193,0.027777777777777776
X190,0.05555555555555555
X196,0.25
X197,0.0
X194,0.16666666666666666
B356,0.09090909090909091
B065-ZN08,0.5
RZ211,0.0
Q099-ZN09,0.22348484848484848
M200A,0.05555555555555555
QZ645,0.0
B065-ZN06,0.3
B065-ZN05,0.24545454545454548
X040,0.0
X008-03,0.09090909090909091
X042,0.15555555555555556
X008-01,0.06060606060606061
X044,0.16666666666666666
QZ29,0.0
X046,0.15384615384615385
X047,0.11538461538461539
M071-ZN30,0.08333333333333333
M071-ZN31,0.16666666666666666
M071-ZN32,0.0
X286,0.06666666666666667
X287,0.08333333333333333
X284,0.0
X282,0.0
X283,0.027777777777777776
X280,0.0
X281,0.0
QZ473,0.0
QZ472,0.20535714285714285
QZ471,0.0
QZ470,0.0
X288,0.0
X289,0.22727272727272727
QZ653,0.0
QZ652,0.0
QZ651,0.14285714285714285
QZ657,0.2857142857142857
BZ51,0.0
X142-ZN01,0.36363636363636365
QZ659,0.0
X142-ZN02,0.0
QZ301,0.0
RZ058B,0.0
RZ058A,0.0
QZ302,0.0
R145,0.1
R144,0.05
R140,0.15
Q190,0.125
X092-ZN08,0.041666666666666664
X187-02,0.0
B326,0.08333333333333333
XZ294o,0.0
Q300-ZN01,0.08012820512820512
Q300-ZN02,0.1
Q300-ZN03,0.041666666666666664
R095,0.0
R097,0.0
RZ147,0.0
QZ275,0.0
R090,0.027777777777777776
QZ276,0.0
BZ58,0.0
R099,0.05555555555555555
B358,0.08333333333333333
B359,0.05555555555555555
RZ218,0.0
RZ219,0.0
X030-99,0.0
B352,0.2916666666666667
B353,0.2727272727272727
B350,0.16666666666666666
RZ217,0.0
RZ210,0.0
B357,0.08333333333333333
BZ391,0.125
BZ390,0.25
BZ55,0.2222222222222222
BZ54,0.0
BZ53,0.0
BZ52,0.0
XZ88,0.0
XZ89,0.0
XZ86,0.2857142857142857
X187-01,0.125
XZ84,0.0
XZ85,0.0
XZ82,0.0
XZ83,0.0
XZ80,0.0
XZ81,0.0
Q447,0.1875
QZ598,0.0
QZ448,0.125
B251-08,0.03333333333333333
B169-ZN05A,0.045454545454545456
B251-04,0.15000000000000002
MZ464,0.0
M010-048,0.2121212121212121
MZ268,0.0
MZ269,0.1
MZ267,0.125
MZ264,0.0
MZ265,0.0
MZ262,0.11805555555555555
MZ260,0.0
MZ261,0.14285714285714285
QZ446,0.0
B002,0.08333333333333333
B003,0.0
Q108,0.0
B001,0.05555555555555555
B006,0.0
B007,0.15384615384615385
XZ207,0.14285714285714285
XZ206,0.1111111111111111
R046-06,0.0
R046-07,0.0909090909090909
B008,0.038461538461538464
R046-05,0.045454545454545456
R022-ZN02,0.23076923076923078
RZ46,0.125
R022-ZN01,0.16666666666666666
BZ166,0.0
Q038,0.09090909090909091
RZ47,0.0
B073-09,0.03333333333333333
Q032,0.0
Q033,0.0
Q030,0.03333333333333333
Q031,0.23076923076923078
Q037,0.047619047619047616
Q034,0.0
Q035,0.125
RZ43,0.0
XZ64,0.0
B137,0.041666666666666664
XZ66,0.0
B135,0.2
B132,0.16666666666666666
B130,0.18181818181818182
B131,0.16666666666666666
Q010A-ZN01,0.07692307692307693
Q010A-ZN02,0.0
B139,0.030303030303030304
X104-03,0.13333333333333333
RZ48,0.0
X104-02,0.0
X258,0.08333333333333333
Q106,0.05555555555555555
Q107,0.11538461538461539
Q104,0.16666666666666666
Q105,0.16666666666666666
MZ132,0.0
Q103,0.10683760683760683
Q100,0.1
Q099-ZN08,0.07692307692307693
Q099-ZN07,0.3333333333333333
Q099-ZN06,0.0
Q099-ZN05,0.09090909090909091
Q099-ZN03,0.027777777777777776
Q099-ZN02,0.0
Q099-ZN01,0.13257575757575757
X092-ZN21,0.11538461538461539
X092-ZN20,0.1111111111111111
X092-ZN22,0.09545454545454546
Q015-09,0.0
Q015-08,0.18181818181818182
Q015-05,0.19090909090909092
XZ99,0.0
Q015-03,0.05808080808080809
Q015-02,0.1
XZ191,0.0
XZ190,0.0
XZ193,0.0
XZ192,0.0
XZ195,0.14285714285714285
XZ194,0.0
XZ197,0.0
XZ196,0.16666666666666666
M107-ZN07,0.08333333333333333
M107-ZN06,0.23076923076923078
M107-ZN05,0.18181818181818182
Q393I,0.1
Q393H,0.0
Q393E,0.0625
Q393D,0.0
Q393G,0.14285714285714285
Q393F,0.05555555555555555
Q393A,0.16666666666666666
Q393C,0.05555555555555555
Q173,0.0
Q024-ZN03,0.09090909090909091
Q024-ZN02,0.0
Q024-ZN01,0.038461538461538464
Q211,0.08333333333333333
X101A,0.09090909090909091
Q024-ZN06,0.07037037037037037
Q024-ZN05,0.05
Q024-ZN04,0.11538461538461539
M160,0.0
M161,0.0
Q218,0.08333333333333333
XZ311,0.0
M164,0.0625
M165,0.23076923076923078
X010-ZN10,0.125
R106-01,0.09090909090909091
MZ29,0.14285714285714285
MZ28,0.0
B223PC,0.06060606060606061
B223PB,0.05
B223PA,0.05
MZ23,0.0
MZ22,0.0
MZ21,0.0
MZ20,0.1111111111111111
MZ27,0.1111111111111111
MZ25,0.0
MZ24,0.0
M286-01,0.15384615384615385
QZ591,0.0
R065-ZN09,0.041666666666666664
R065-ZN08,0.06904761904761905
R065-ZN07,0.125
R065-ZN06,0.0
R065-ZN05,0.09090909090909091
R065-ZN04,0.1111111111111111
R065-ZN03,0.0
R065-ZN02,0.0
R065-ZN01,0.05
R031-ZN01,0.09090909090909091
M223,0.23076923076923078
M222,0.05
M221,0.05
M220,0.08012820512820512
M010-ZN08,0.0
Q009-01,0.0
M225,0.125
M224,0.125
M010-ZN05,0.0
M229,0.08333333333333333
M010-ZN07,0.041666666666666664
M203C,0.09090909090909091
M010-ZN01,0.09090909090909091
M203A,0.0
M010-ZN03,0.08333333333333333
B113A,0.11616161616161617
B113B,0.25
B113C,0.18181818181818182
B113D,0.05555555555555555
Q213,0.0
B387,0.16203703703703703
M081-ZN02,0.045454545454545456
M081-ZN01,0.041666666666666664
B182,0.0
QZ95,0.1111111111111111
B180,0.05555555555555555
B386,0.08333333333333333
RZ160,0.0
X191A,0.0
B184,0.0
MZ241,0.0
XZ229,0.0
Q371-01,0.29545454545454547
Q300A-ZN04,0.09090909090909091
Q300A-ZN01,0.18181818181818182
Q300A-ZN02,0.0
Q300A-ZN03,0.03333333333333333
X185,0.18181818181818182
X013-02o,0.05555555555555555
X186,0.19444444444444442
X180,0.1
X183,0.08585858585858586
X182,0.08333333333333333
B166C-ZN01,0.2
B166C-ZN02,0.20833333333333334
M283-ZN01,0.0
X053,0.0
X052,0.0
X051,0.19090909090909092
QZ467,0.0
X057,0.2222222222222222
QZ461,0.0
X055,0.08333333333333333
QZ463,0.0
X059,0.0
X058,0.07500000000000001
QZ468,0.0
QZ469,0.0
X291,0.09090909090909091
X292,0.13888888888888887
X295,0.041666666666666664
B431-01,0.07905982905982906
X299,0.07692307692307693
Q004-ZN03,0.05
Q004-ZN02,0.09090909090909091
Q210,0.07142857142857142
QZ648,0.0
QZ318,0.2222222222222222
QZ319,0.0
QZ644,0.0
QZ317,0.0
QZ646,0.0
QZ647,0.0
QZ516,0.0
QZ643,0.125
Q015-ZN08,0.25
QZ46A,0.0
XZ93,0.0
XZ56A,0.0
XZ56B,0.0
M095-ZN07,0.16666666666666666
M095-ZN06,0.16666666666666666
M095-ZN05,0.0
M095-ZN04,0.2
M095-ZN03,0.09090909090909091
M095-ZN02,0.06060606060606061
M095-ZN01,0.1
QZ583,0.0
M095-ZN08,0.09090909090909091
RZ131,0.14285714285714285
RZ130,0.2857142857142857
RZ133,0.125
RZ132,0.0
RZ134,0.14285714285714285
X148D1,0.0
M077-03,0.0
M077-02,0.25
B166B,0.16666666666666666
RZ269,0.0
XZ201,0.0
RZ261,0.0
Q015-ZN07,0.08333333333333333
RZ263,0.0
RZ262,0.0
RZ265,0.0
RZ264,0.0
RZ267,0.0
B166E,0.0
BZ62,0.0
BZ63,0.1111111111111111
BZ60,0.0
BZ61,0.0
BZ66,0.16666666666666666
BZ387,0.0
BZ64,0.0
BZ65,0.125
XZ91,0.0
XZ205,0.0
BZ68,0.0
BZ69,0.0
XZ95,0.0
XZ94,0.0
XZ97,0.0
XZ204,0.0
R087,0.08333333333333333
X028,0.0
XZ209,0.0
X029,0.08333333333333333
XZ208,0.0
M071-ZN16,0.09696969696969697
M071-ZN17,0.07692307692307693
M071-ZN15,0.1
B073-20,0.06060606060606061
X196-02,0.045454545454545456
QZ455,0.0
MZ259,0.0
MZ258,0.0625
Q099-54,0.25
Q099-55,0.0
B032-01,0.0
MZ252,0.0
MZ251,0.0
B032-02,0.0
MZ257,0.0
M071-ZN18,0.0
MZ255,0.0
MZ254,0.0
X118-01,0.0
X118-02,0.21212121212121213
X021,0.05555555555555555
Q302,0.38461538461538464
Q048-01,0.0
X026,0.08333333333333333
Q303,0.08333333333333333
XZ96,0.0
QZ450,0.0
B345,0.05555555555555555
B347,0.08333333333333333
B346,0.2
R135-01,0.0
B343,0.25
B342,0.2272727272727273
R016-ZN01,0.125
Q015-22,0.0
Q162J01,0.08333333333333333
B349,0.08333333333333333
B348,0.0909090909090909
Q025,0.1111111111111111
XZ213,0.0
XZ210,0.0
Q026,0.07692307692307693
B019,0.3333333333333333
XZ217,0.125
XZ214,0.0
Q022,0.16666666666666666
XZ218,0.0
XZ219,0.0
Q029,0.045454545454545456
Q028,0.375
B012,0.08333333333333333
M056-ZN02,0.09090909090909091
M056-ZN03,0.1
M056-ZN01,0.16239316239316237
M056-ZN04,0.16666666666666666
M056-ZN05,0.09090909090909091
XZ227,0.0
B157,0.08333333333333333
X118-ZN02,0.0
X118-ZN03,0.16666666666666666
X118-ZN01,0.09090909090909091
M047-03,0.10555555555555556
X118-ZN04,0.1818181818181818
M047-01,0.25
B121,0.0
XZ76,0.0
B123,0.1111111111111111
XZ74,0.0
B124,0.16666666666666666
B127,0.1
XZ70,0.0
B128,0.16666666666666666
XZ79,0.0
QZ454,0.0
B169-ZN04A,0.045454545454545456
B169-ZN04B,0.08012820512820512
MZ103,0.125
MZ102,0.0
MZ101,0.0
MZ100,0.0
Q099-ZN14,0.125
MZ106,0.0
MZ105,0.0
MZ104,0.0
Q099-ZN18,0.10714285714285714
Q118,0.33333333333333337
MZ109,0.0
MZ108,0.125
QZ39,0.0625
QZ34,0.0
Q015-10,0.09090909090909091
QZ37,0.0
QZ31,0.0
QZ32,0.0
QZ33,0.0
XZ182,0.0
XZ181,0.0
XZ186,0.0
XZ187,0.125
XZ188,0.0
XZ189,0.0
QZ286,0.0
MZ14,0.0
Q209,0.06666666666666667
Q208,0.0
MZ10,0.0
M172,0.0
Q207,0.09090909090909091
Q206,0.1
M177,0.0
Q203,0.0
XZ67,0.0
B090,0.08333333333333333
BZ232,0.25
BZ233,0.1111111111111111
R065-ZN11,0.09545454545454546
BZ230,0.0
B245-02,0.045454545454545456
B093,0.08333333333333333
M218,0.18181818181818182
M219,0.045454545454545456
M216,0.07692307692307693
M217,0.2222222222222222
M214,0.15151515151515152
M215,0.041666666666666664
M212,0.0
M213,0.0
X046-ZN01,0.07692307692307693
XZ69,0.25
XZ43o,0.0
QZ169(2),0.0
M194,0.0
M010-ZN18&19,0.125
M211B,0.2272727272727273
Q031A,0.2272727272727273
QZ600,0.0
QZ353,0.0
QZ350,0.0
Q300-02,0.0
Q300-03,0.08333333333333333
BZ90,0.0
Q300-04,0.0
Q300-05,0.20512820512820512
R022-04,0.0
M052-02,0.0
QZ355,0.0
B169-ZN06A,0.2
X039-02,0.0
X039-01,0.09090909090909091
M279,0.0
QZ411,0.0
QZ410,0.0
QZ412,0.0
X068,0.06060606060606061
X069,0.041666666666666664
X067,0.0
X064,0.07407407407407407
X065,0.125
X062,0.1
MZ134,0.0
X060,0.0
X061,0.1111111111111111
MZ135,0.25
X268,0.09545454545454546
X269,0.21875
X264,0.05
Q450,0.0
X266,0.08333333333333333
X267,0.09090909090909091
X260,0.0
X262,0.08333333333333333
MZ133,0.0
X084,0.10000000000000002
X085,0.25
X086,0.25595238095238093
X087,0.16666666666666666
X080,0.0
X081,0.2
X004-01,0.0
QZ631,0.0
Q453,0.15384615384615385
M010-ZN22&23,0.0
QZ325,0.0
Q086-01,0.09090909090909091
R161,0.0
B279,0.13636363636363635
M028-02,0.09090909090909091
RZ122,0.0
X148C3,0.1111111111111111
RZ120,0.0
X148C1,0.0
RZ126,0.0
X148C7,0.05555555555555555
RZ124,0.0
X148C5,0.0
M116,0.09090909090909091
RZ128,0.0
RZ129,0.14285714285714285
B278,0.0
QZ523,0.0
QZ522,0.125
B126-ZN05,0.08333333333333333
B126-ZN04,0.09090909090909091
B126-ZN07,0.25
B126-ZN06,0.25
B126-ZN01,0.18181818181818182
B372,0.21428571428571427
B126-ZN03,0.10256410256410257
B126-ZN02,0.17992424242424243
BZ75,0.0
BZ74,0.0
BZ77,0.0
BZ71,0.0
BZ70,0.0
BZ73,0.0
BZ72,0.0
Q345,0.08012820512820512
XZ293,0.0
Q015-07,0.1818181818181818
MZ244,0.0
MZ245,0.0
MZ246,0.0
MZ247,0.0
B248,0.125
B249,0.0
MZ242,0.0
MZ243,0.0
B244,0.20833333333333334
B073-10,0.05
B246,0.038461538461538464
B247,0.19444444444444442
MZ248,0.0
MZ249,0.0
B242,0.0
B243,0.041666666666666664
M089-08,0.0
M089-09,0.0
B169-ZN07A,0.23809523809523808
B169-ZN07B,0.12698412698412698
B169-ZN07C,0.2698412698412698
BZ289,0.0
BZ288,0.0
BZ283,0.0
BZ282,0.0
BZ281,0.0
BZ280,0.25
BZ287,0.0
BZ286,0.0
BZ285,0.0
BZ284,0.0
B330,0.2727272727272727
B331,0.0
B332,0.08333333333333333
B334,0.08333333333333333
B335,0.1
B040-02,0.0
B337,0.08333333333333333
B338,0.0
B339,0.030303030303030304
M010-202,0.0
M010-207,0.18181818181818182
Q051,0.14285714285714285
Q052,0.0
Q053,0.08333333333333333
Q448-ZN01A,0.13257575757575757
Q055,0.0
Q056,0.041666666666666664
Q057,0.0
Q058,0.05555555555555555
Q059,0.0
B062,0.0
B063,0.14545454545454545
B052-03,0.18181818181818182
B052-02,0.1
B066,0.15454545454545454
XZ220,0.0
QZ611,0.0
B073-ZN05,0.26343101343101344
X149A,0.0
XZ42,0.0
BZ354,0.0
XZ40,0.0
XZ41,0.0
XZ46,0.0
BZ350,0.25
BZ353,0.0
BZ352,0.0
XZ48,0.0625
XZ49,0.0
BZ359,0.0
BZ358,0.0
Q473,0.08333333333333333
X039-06K,0.045454545454545456
Q476,0.07692307692307693
Q477,0.0
Q474,0.1
MZ114,0.1111111111111111
MZ115,0.0
MZ116,0.0
MZ117,0.0
MZ110,0.0
MZ111,0.0
MZ112,0.0
MZ113,0.0
X092-ZN07,0.0
X092-ZN06,0.0
X092-ZN05,0.07692307692307693
X092-ZN04,0.027777777777777776
X092-ZN03,0.07326007326007326
X092-ZN02,0.07692307692307693
X092-ZN01,0.0
QZ28,0.0
QZ27,0.0
QZ26,0.0
QZ25,0.0
QZ24,0.125
X092-ZN09,0.16666666666666666
QZ20,0.125
M226,0.0
Q131-01,0.09090909090909091
RZ104,0.0
XZ155,0.0
XZ157,0.125
XZ404,0.0
X104-01,0.0
XZ153,0.1111111111111111
M141,0.05555555555555555
XZ158,0.0
M148,0.09090909090909091
MZ02,0.0
MZ07,0.1
MZ09,0.0
MZ08,0.0
Q275,0.0
Q277,0.0
B057-ZN06,0.17857142857142855
B057-ZN07,0.125
QZ408,0.0
RZ81,0.0
RZ82,0.0
RZ85,0.0
RZ87,0.0
RZ89,0.0
QZ19,0.0
X124,0.08012820512820512
B073-ZN03,0.125
M201,0.09090909090909091
M200,0.0909090909090909
M205,0.16666666666666666
M204,0.125
M207,0.0
M206,0.16666666666666666
Q304,0.0
Q305,0.23076923076923078
Q306,0.0
Q307,0.21212121212121213
B223JA,0.0
Q301,0.1818181818181818
B223JC,0.09090909090909091
B223JB,0.19444444444444442
Q308,0.08333333333333333
Q094-01,0.0
M029-ZN04,0.2121212121212121
M029-ZN05,0.0
XZ315,0.0
B223DK,0.1
M047,0.14285714285714285
M169,0.0
XZ313,0.0
B223DA,0.05555555555555555
R005-ZN02,0.07142857142857142
Q359,0.041666666666666664
M029-ZN01,0.0
Q358,0.25
M029-ZN02,0.4166666666666667
XZ310,0.0
M379,0.0
Q217,0.10000000000000002
Q214,0.0
Q215,0.053418803418803416
MZ175,0.0
RZ180,0.0
RZ181,0.0
X001B,0.0
R053,0.041666666666666664
RZ183,0.0
M166,0.0
RZ184,0.0
M042-ZN02,0.07142857142857142
X079,0.0
X078,0.0
QZ407,0.0
X071,0.0
X070,0.0
X073,0.0
QZ409,0.0
B223PE,0.041666666666666664
X077,0.0
R005-ZN04,0.0
B223PD,0.0
R005-ZN01,0.0
R005-ZN03,0.07692307692307693
X278,0.0
X276,0.0
X274,0.08333333333333333
X273,0.1
X272,0.18181818181818182
X271,0.0
X270,0.0
X096,0.0
X093,0.08333333333333333
X090,0.07692307692307693
QZ622,0.0
QZ623,0.0
QZ626,0.125
QZ590,0.0
R119,0.07692307692307693
R110,0.041666666666666664
R111,0.041666666666666664
Q067A,0.045454545454545456
R114,0.0
B082-ZN02,0.16666666666666666
R117,0.1
RZ107,0.0
Q007-01,0.0
X148B2,0.1111111111111111
RZ119,0.125
RZ118,0.0
RZ117,0.0
RZ115,0.0
QZ535,0.0
QZ533,0.0
RZ111,0.0
Q121A,0.0
Q005-11,0.09090909090909091
BZ08,0.2
R025,0.0
R026,0.23076923076923078
R020,0.0
R021,0.0
BZ01,0.0
BZ03,0.0
BZ04,0.0
R029,0.0
BZ07,0.0
X148H,0.125
X148L,0.0
X148M,0.1
B277,0.16666666666666666
X148E,0.08333333333333333
X307,0.08333333333333333
B276,0.0
Q051-01,0.05
X302,0.041666666666666664
X300,0.08333333333333333
M010-ZN42&43,0.08333333333333333
B270,0.11538461538461539
R109-01,0.0
B259,0.25
B258,0.041666666666666664
MZ239,0.0
R031-ZN02,0.08333333333333333
B254,0.05128205128205129
B253,0.16666666666666666
B252,0.07692307692307693
R031-ZN03,0.045454545454545456
BZ294,0.0
M107-01,0.1
BZ297,0.0
BZ290,0.0
BZ291,0.0
BZ293,0.0
BZ298,0.0
BZ299,0.1111111111111111
XZ30,0.0
Q107-01,0.0
XZ37,0.0
XZ36,0.0
B323,0.1111111111111111
B322,0.13636363636363635
B321,0.08333333333333333
RZ244,0.0
BZ362,0.0
B325,0.08333333333333333
RZ240,0.0
M227,0.0909090909090909
B329,0.07692307692307693
RZ249,0.0
M010-ZN09,0.041666666666666664
Q043,0.125
XZ239,0.0
Q041,0.16666666666666666
Q040,0.0
Q047,0.1
Q046,0.041666666666666664
Q045,0.041666666666666664
Q044,0.3333333333333333
XZ231,0.0
XZ232,0.0
Q048,0.14646464646464644
B077,0.1
XZ235,0.0
XZ237,0.14285714285714285
MZ144,0.5
M288,0.041666666666666664
M010-ZN06,0.07692307692307693
M228,0.05
M203B,0.0
BZ346,0.0
B073-07,0.5714285714285714
QZ122,0.0
BZ342,0.0
XZ58,0.0
BZ340,0.125
BZ341,0.0
XZ55,0.0
XZ54,0.0
XZ57,0.0
XZ51,0.0
XZ50,0.0
XZ53,0.0
XZ52,0.0
Q360T,0.0
Q162-ZN02C,0.1875
Q162-ZN02B,0.0
X092-ZN18,0.13888888888888887
MZ168,0.0
QZ128,0.0
Q465,0.2
X092-ZN11,0.07142857142857142
Q467,0.07692307692307693
X092-ZN14,0.18181818181818182
QZ534,0.0
Q463,0.2777777777777778
MZ166,0.0625
QZ18,0.0
RZ114,0.0
QZ316,0.0
QZ13,0.0
QZ11,0.05
QZ16,0.2857142857142857
QZ17,0.19047619047619047
QZ14,0.0
BZ91,0.125
Q408,0.0
M104-ZN05-O,0.09090909090909091
Q402,0.041666666666666664
B113E,0.0
XZ146,0.125
Q014,0.4166666666666667
B382B,0.16666666666666666
M155,0.08333333333333333
M154,0.08333333333333333
XZ140,0.0
M156,0.2222222222222222
M159,0.027777777777777776
M158,0.0
B126A,0.1111111111111111
XZ148,0.125
M010-176,0.1
XZ260,0.0
Q267,0.09090909090909091
Q266,0.12121212121212122
XZ266,0.0
Q405,0.20833333333333334
XZ264,0.1875
RZ93,0.0
RZ97,0.0
RZ96,0.125
RZ95,0.0
RZ94,0.0
RZ99,0.0
M081-02,0.10000000000000002
X019,0.19444444444444442
Q317,0.0
Q316,0.1111111111111111
Q314,0.125
Q313,0.18181818181818182
Q310,0.08333333333333333
R051,0.0
B129-ZN01,0.25
B129-ZN02,0.2967032967032967
Q318,0.045454545454545456
Q461-ZN01,0.15000000000000002
Q461-ZN02,0.0
R050,0.05555555555555555
M300,0.09090909090909091
M301,0.0
M302,0.1
M303,0.08333333333333333
Q300A1,0.16666666666666666
M010-ZN02&4,0.0
Q448-ZN02A,0.09090909090909091
B103,0.0
Q066F,0.3333333333333333
Q066G,0.07407407407407407
Q066A,0.03333333333333333
Q066B,0.0
Q066C,0.1
R028,0.0
Q066H,0.06666666666666667
B167A,0.1
R052,0.038461538461538464
X001A-01,0.08333333333333333
B223IA,0.0
B223IB,0.19642857142857142
B223IC,0.07142857142857142
BZ137,0.125
M037-ZN03,0.38461538461538464
BZ214,0.125
M037-ZN01,0.16666666666666666
M037-ZN07,0.14814814814814814
M037-ZN06,0.5454545454545454
M037-ZN05,0.2727272727272727
M037-ZN04,0.08333333333333333
X242,0.125
X243,0.1111111111111111
M037-ZN09,0.0
M037-ZN08,0.3068181818181818
X246,0.05
X247,0.08333333333333333
X244,0.041666666666666664
QZ187,0.0
B169A,0.16666666666666666
QZ182,0.0
B169B,0.25
QZ189,0.0
R109,0.0
R101,0.07142857142857142
R100,0.0
R107,0.0
Q325,0.19047619047619047
R105,0.13636363636363635
Q028A,0.05
QZ509,0.125
QZ508,0.0
QZ502,0.0
RZ102,0.0
RZ103,0.0
QZ507,0.0
RZ105,0.0
X148A2,0.0
X148A3,0.22727272727272727
B118A,0.0
Q005-01,0.09090909090909091
QZ323,0.1111111111111111
B118B,0.09090909090909091
Q005-04,0.0
Q005-05,0.16666666666666666
Q005-06,0.0625
QZ293,0.0
R036,0.041666666666666664
QZ291,0.0
QZ290,0.0
QZ297,0.0
QZ296,0.0
M208D-02,0.125
QZ294,0.0
BZ13,0.0
BZ12,0.0
QZ299,0.0
M107-ZN06-O,0.0
BZ17,0.0
BZ16,0.0
BZ15,0.0
R038,0.08333333333333333
B016-02,0.0
B016-01,0.0
X206,0.18181818181818182
X336,0.0
QZ347,0.0
QZ610,0.0625
QZ349,0.0
M032,0.0
M033,0.41666666666666663
Q212,0.027777777777777776
MZ220,0.0
B269,0.08333333333333333
MZ226,0.0
MZ224,0.125
X033-10,0.13636363636363635
B262,0.12121212121212122
B263,0.125
B260,0.09090909090909091
B261,0.09090909090909091
B266,0.20833333333333331
B267,0.041666666666666664
B264,0.12878787878787878
B265,0.06060606060606061
X200,0.0
Q448-99,0.1111111111111111
M104-ZN04,0.0
X201,0.0
M104-ZN02,0.18181818181818182
M104-ZN03,0.3333333333333333
M104-ZN01,0.3522727272727273
RZ250,0.0
RZ251,0.0
RZ252,0.0
RZ253,0.0
RZ255,0.14285714285714285
RZ256,0.0
RZ257,0.0
B316,0.8181818181818182
B317,0.13888888888888887
B315,0.18181818181818182
B312,0.09090909090909091
B313,0.0
B310,0.125
B311,0.045454545454545456
B159-01,0.0
Q079,0.037037037037037035
Q076,0.5
B012-02,0.0
Q075,0.0
Q072,0.0
Q073,0.0
Q070,0.0
B054-ZN03,0.20833333333333334
B054-ZN02,0.0
B054-ZN01,0.09523809523809523
Q004-ZN01,0.10238095238095238
Q268,0.125
B250,0.045454545454545456
B058-ZN04,0.09090909090909091
Q456,0.0
B061,0.38461538461538464
BZ373,0.0
BZ372,0.0
Q084B,0.0
BZ370,0.25
BZ377,0.0
BZ376,0.0
BZ375,0.0
BZ374,0.125
Q001-04,0.16666666666666666
XZ21,0.0
M010-089,0.09090909090909091
BZ378,0.0
XZ24,0.0
Q001-01,0.1111111111111111
XZ26,0.14285714285714285
XZ27,0.0
M090,0.041666666666666664
M093,0.0
M097,0.0
M099,0.16666666666666666
Q419,0.125
BZ39,0.0
Q410,0.05555555555555555
MZ173,0.0
Q412,0.1
Q413,0.08333333333333333
Q414,0.22727272727272727
Q415,0.045454545454545456
Q416,0.1875
X188,0.16666666666666666
X016,0.03333333333333333
M005-06,0.0
M005-02,0.2272727272727273
B044,0.0909090909090909
B045,0.0
B042,0.23717948717948717
B043,0.0
B041,0.0
B077-01,0.22348484848484848
B049,0.0
XZ173,0.0
XZ172,0.0
XZ171,0.125
XZ170,0.05555555555555555
XZ177,0.0
XZ176,0.0
XZ174,0.0
XZ178,0.0
Q259,0.0
Q095,0.17424242424242425
Q090,0.0
Q092,0.34615384615384615
Q098,0.125
X001-ZN02,0.1
X001-ZN01,0.4166666666666667
M030B,0.0
M030A,0.0
Q357I,0.16666666666666666
Q357J,0.3333333333333333
B028-03,0.22727272727272727
Q357G,0.0
B028-01,0.0
Q116,0.05555555555555555
Q357B,0.08333333333333333
B066-01,0.18181818181818182
B066-02,0.0
Q021-02,0.045454545454545456
Q021-03,0.05
Q021-01,0.0
Q322,0.25
RZ247,0.0
Q320,0.0
Q321,0.08333333333333333
Q326,0.09090909090909091
Q327,0.0
RZ246,0.0
Q328,0.0
Q329,0.125
RZ245,0.0
B320,0.303030303030303
RZ242,0.0
QZ464,0.14285714285714285
RZ241,0.0
QZ465,0.14285714285714285
B324,0.25
QZ466,0.125
QZ460,0.0625
QZ632,0.0
QZ462,0.125
M028-ZN03,0.1111111111111111
M028-ZN02,0.14285714285714285
M028-ZN01,0.30714285714285716
B214-02,0.18181818181818182
B214-01,0.041666666666666664
RZ248,0.14285714285714285
XZ331,0.125
Q102-03,0.14090909090909093
B079,0.08333333333333333
B078,0.15384615384615385
B176,0.0
X255,0.0
RZ45,0.125
X257,0.0
X256,0.045454545454545456
X251,0.0
RZ41,0.0
X253,0.0
X252,0.19230769230769232
QZ421,0.0
QZ422,0.0
QZ423,0.0
X259,0.1111111111111111
RZ49,0.125
QZ426,0.0
B169-ZN01B,0.26111111111111107
M098-02,0.0
M098-01,0.0
QZ190,0.125
QZ191,0.0
QZ193,0.0
QZ195,0.0
QZ196,0.0
X014,0.041666666666666664
Q052-01,0.0
B106B,0.10000000000000002
B106A,0.19230769230769232
QZ514,0.0
QZ515,0.125
Q015-ZN09,0.4
QZ517,0.0
QZ510,0.07142857142857142
QZ511,0.0
QZ512,0.0
QZ513,0.0
Q015-ZN03,0.2159090909090909
Q015-ZN02,0.08333333333333333
Q015-ZN01,0.08333333333333333
B166D,0.11538461538461539
Q015-ZN06,0.09090909090909091
Q015-ZN05,0.0
Q015-ZN04,0.0
X044-01,0.045454545454545456
Q219-98,0.16666666666666666
Q219-99,0.05
BZ26,0.0
BZ27,0.125
BZ24,0.1111111111111111
BZ25,0.0
BZ22,0.0
BZ23,0.0
BZ20,0.125
BZ21,0.0
BZ28,0.0
BZ29,0.0
R002,0.1111111111111111
R004,0.0
QZ284,0.0
QZ285,0.0
R008,0.16666666666666666
R009,0.037037037037037035
QZ280,0.0
QZ281,0.07142857142857142
QZ282,0.0
QZ283,0.0
X010A-02,0.0
QZ352,0.0
QZ601,0.0
QZ602,0.125
QZ351,0.0
QZ356,0.0
QZ354,0.0
QZ607,0.0
QZ608,0.0
QZ609,0.0
X033-04,0.05
RZ82S,0.0
X033-01,0.1
MZ219,0.0
MZ218,0.0
MZ217,0.1111111111111111
Q012B,0.08333333333333333
MZ215,0.0
MZ214,0.0
MZ213,0.1
MZ212,0.0
MZ210,0.0
RZ82A,0.0
RZ82N,0.0
X153-01,0.08333333333333333
X153-02,0.09090909090909091
B018,0.09090909090909091
M043-ZN01,0.0
M043-ZN02,0.09090909090909091
B309,0.0
B308,0.1
B301,0.09090909090909091
B300,0.0
B302,0.08333333333333333
B304,0.16666666666666666
B307,0.08333333333333333
B306,0.08333333333333333
Q069,0.0
Q068,0.16666666666666666
Q001-99,0.0
Q061,0.15000000000000002
Q060,0.09545454545454546
Q063,0.125
Q062,0.030303030303030304
Q065,0.1
Q067,0.1
X002-04,0.09090909090909091
X002-05,0.1
BT10,0.05
M010-090,0.0
X002-07,0.0
B274,0.09090909090909091
XZ39,0.0
XZ38,0.0
B271,0.20833333333333331
BZ369,0.0
B273,0.0
B272,0.22474747474747478
XZ33,0.125
XZ32,0.0
XZ31,0.0
BZ367,0.0
BZ360,0.0
BZ361,0.0
XZ35,0.125
XZ34,0.0
M083,0.0
M082,0.16666666666666666
M080,0.125
M087,0.2222222222222222
M086,0.030303030303030304
M085,0.05
MZ140,0.125
M088,0.0811965811965812
QZ70,0.0
QZ71,0.0
QZ72,0.0
QZ73,0.125
QZ74,0.0625
QZ75,0.0
QZ76,0.125
QZ77,0.0
Q403,0.045454545454545456
QZ79,0.0
Q401,0.08333333333333333
Q400,0.16666666666666666
Q407,0.303030303030303
Q406,0.25
MZ156,0.0
Q404,0.16666666666666666
XZ126,0.0
Q094D,0.12121212121212122
B051,0.22916666666666669
B050,0.10256410256410257
B052,0.18181818181818182
B055,0.23076923076923078
B056,0.0
BZ349,0.125
Q243,0.0
Q245,0.0
Q246,0.0625
Q098-01,0.1
X207,0.041666666666666664
XZ162,0.0
XZ163,0.0
Q086,0.0
Q085,0.08333333333333333
Q082,0.08333333333333333
Q080,0.0
M056-01,0.09090909090909091
M056-02,0.12121212121212122
M056-03,0.07142857142857142
M056-04,0.0
MT10,0.1111111111111111
Q339,0.15384615384615385
Q338,0.125
X092-ZN19,0.0
Q335,0.08333333333333333
Q334,0.08333333333333333
Q337,0.16666666666666666
Q336,0.11538461538461539
Q330,0.08333333333333333
Q333,0.20833333333333331
Q332,0.13636363636363635
QT18,0.0
QT19,0.1111111111111111
QT14,0.07037037037037037
QT17,0.0
RZ268,0.0
QZ227,0.0
X092-ZN10,0.07142857142857142
B218,0.07692307692307693
X092-26,0.09090909090909091
B168,0.13636363636363635
MZ163,0.0
X039-ZN19,0.0
BZ382,0.0
X092-ZN15,0.0811965811965812
X039-ZN17,0.0
X092-ZN16,0.15384615384615385
RZ260,0.0
M208C,0.03333333333333333
M208A,0.13888888888888887
M208F,0.0
M208G,0.0
M208E,0.08333333333333333
X039-ZN14,0.11805555555555555
BZ383,0.25
X045-01,0.09545454545454546
X010-08,0.0
X039-ZN11,0.0
X010-03,0.0
X010-02,0.10795454545454546
X010-01,0.0
RZ266,0.0
X010-07,0.1
X045-03,0.0
X010-05,0.1
RZ57,0.125
RZ56,0.0
RZ55,0.0
RZ54,0.0
M120A,0.05
RZ52,0.0
RZ51,0.0
RZ50,0.0
B223OB,0.07407407407407407
B223OC,0.15000000000000002
B073-ZN01,0.08333333333333333
RZ59,0.0
B073-ZN16,0.13636363636363635
BZ386,0.125
B073-ZN14,0.0
R123,0.0
QZ169,0.0
QZ168,0.0
R127,0.05555555555555555
R126,0.0
QZ165,0.0
QZ167,0.0
QZ166,0.0
QZ161,0.0
QZ160,0.0
QZ163,0.0
QZ162,0.0
Q042,0.0
Q462,0.0625
QZ15,0.0
BZ388,0.0
BZ389,0.25
Q015-ZN14,0.4444444444444444
X046-ZN02,0.09090909090909091
Q015-ZN10,0.1
Q015-ZN11,0.2
Q015-ZN12,0.27884615384615385
Q015-ZN13,0.2222222222222222
X138,0.1
X139,0.0
X134,0.1
X136,0.25
X137,0.1111111111111111
X130,0.0
X131,0.0
X133,0.0
BZ31,0.125
BZ30,0.0
BZ33,0.13392857142857142
BZ32,0.0
BZ35,0.0
BZ34,0.0
BZ37,0.0
BZ36,0.0
QZ701,0.1111111111111111
R075B,0.1111111111111111
R075A,0.0
X148M1,0.041666666666666664
R019,0.0
Q413-02,0.1
B057-ZN04,0.045454545454545456
R015,0.0
XZ263,0.0
R011,0.05
R010,0.0
BZ384,0.0
R012,0.09090909090909091
M037-04,0.2727272727272727
M037-01,0.045454545454545456
M037-03,0.125
M037-09,0.0
M037-08,0.0
QZ366,0.0
QZ364,0.0
BZ385,0.0
QZ362,0.0
QZ361,0.125
MZ208,0.125
MZ200,0.125
MZ201,0.0
MZ202,0.0
MZ203,0.14285714285714285
MZ204,0.0
MZ205,0.0
MZ206,0.0
MZ207,0.0
XZ304,0.14285714285714285
QZ389,0.0
M010-103,0.03333333333333333
M010-ZN24&25,0.0
X010-06,0.15000000000000002
M010-247,0.2
M010-241,0.0
BZ175,0.0
BZ177,0.0
BZ176,0.125
BZ173,0.0
B082-ZN05,0.20833333333333331
X221,0.045454545454545456
X222,0.16666666666666666
X001-01,0.041666666666666664
Q020-ZN04,0.19230769230769232
X224,0.0
Q020-ZN02,0.18376068376068377
B190,0.0
B191,0.0
B192,0.196969696969697
B193,0.05128205128205129
B194,0.0
XZ03,0.0
B196,0.1111111111111111
B197,0.0909090909090909
Q001A-01,0.13333333333333333
M120B,0.0
XZ08,0.0
XZ09,0.0
B200,0.041666666666666664
X228,0.0
B202,0.05
B205,0.0
B206,0.09090909090909091
B207,0.027777777777777776
B208,0.041666666666666664
B209,0.09090909090909091
X110D,0.0
XZ203o,0.0
X110B,0.0
X110A,0.13333333333333333
BZ316,0.0
Q436,0.16666666666666666
Q437,0.08333333333333333
Q434,0.08333333333333333
Q435,0.0
MZ155,0.0
Q430,0.3333333333333333
Q439,0.0
B429,0.15384615384615385
QZ61,0.0
QZ67,0.0
QZ66,0.0
QZ65,0.0
QZ69,0.0
QZ68,0.0
BZ343,0.0
BZ225,0.0
BZ224,0.0
B169-ZN05B,0.041666666666666664
BZ226,0.0
BZ221,0.0
BZ220,0.0
BZ223,0.0
BZ222,0.0
X208,0.1
QZ300,0.0
BZ228,0.0
X002-09,0.0
M018,0.125
X047-01,0.08712121212121213
M031,0.2
QZ447,0.0
XZ119,0.0
XZ118,0.0
M188,0.15000000000000002
M189,0.2
XZ111,0.0
M183,0.08333333333333333
M180,0.13333333333333333
M186,0.19230769230769232
M187,0.0
M184,0.08333333333333333
Q023-01,0.030303030303030304
XZ281,0.0
XZ280,0.0
XZ283,0.0
XZ282,0.0
XZ285,0.0
XZ284,0.0
XZ287,0.0
XZ286,0.0
MZ15A,0.0
MZ15B,0.0
M011,0.07692307692307693
M012,0.05
M013,0.0
B173,0.0
MZ253,0.0
R089,0.15544871794871798
M016,0.05
R125,0.041666666666666664
M017,0.16666666666666666
R124,0.09090909090909091
M054,0.2
M055,0.16666666666666666
MZ250,0.0
XZ475,0.125
M052,0.0
M053,0.0
B223NA,0.1
B223NC,0.08333333333333333
B223NB,0.2222222222222222
Q344,0.16666666666666666
M059,0.08333333333333333
Q346,0.0
MZ256,0.0
QT09,0.0
QT08,0.15000000000000002
QT07,0.0
M108Q1-01,0.0
QT05,0.0
QT04,0.1
Q104-01,0.05
Q104-02,0.0
B082-02,0.13636363636363635
R086,0.0
Q009-ZN02,0.0
Q009-ZN01,0.0
X150J-01,0.045454545454545456
X162,0.05555555555555555
X038-01,0.13888888888888887
Q360R,0.1111111111111111
Q360Q,0.0
X038-02,0.125
Q050-ZN08A,0.09090909090909091
Q360U,0.05
Q050-ZN08B,0.020833333333333332
Q020-01,0.15151515151515152
M029-01,0.0909090909090909
B382A,0.030303030303030304
Q360F,0.1
Q360E,0.16666666666666666
Q360J,0.041666666666666664
Q360H,0.0
Q360N,0.2222222222222222
Q360M,0.13675213675213674
X203,0.08333333333333333
X034-06,0.0
X034-01,0.0909090909090909
B007-01,0.25
QZ103,0.0
X010-12,0.36363636363636365
X233,0.20833333333333331
X232,0.0
RZ67,0.125
X235,0.05555555555555555
B329-01,0.0
X239,0.0
X238,0.0
Q008-ZN01,0.09090909090909091
Q008-ZN03,0.07142857142857142
Q008-ZN02,0.03571428571428571
B340,0.041666666666666664
Q020-02,0.0
B175,0.0
QZ176,0.0
QZ174,0.0
QZ175,0.0
QZ172,0.0
QZ173,0.0
QZ101,0.0
X147B,0.13888888888888887
M014-02,0.0
M014-03,0.09090909090909091
M072-03,0.0
M072-01,0.0
QZ100,0.0
X129,0.18181818181818182
Q015-ZN15,0.0
B029-ZN06,0.1111111111111111
B029-ZN05,0.03333333333333333
B029-ZN04,0.05
B029-ZN03,0.10000000000000002
B029-ZN02,0.1
B029-ZN01,0.0
X120,0.2727272727272727
XZ212,0.0
QZ719,0.0
B155,0.0
B156,0.09090909090909091
R068,0.08012820512820512
R069,0.0
R006-01,0.0
Q164-ZN10A,0.05555555555555555
Q164-ZN10B,0.09090909090909091
Q164-ZN10C,0.14646464646464646
R060,0.0
R061,0.10256410256410257
R062,0.09090909090909091
R063,0.20833333333333331
R064,0.041666666666666664
R066,0.0
R067,0.038461538461538464
M037-10,0.1818181818181818
M037-11,0.2222222222222222
Q023,0.16666666666666666
M273-01,0.08333333333333333
XZ215,0.0
X039-99,0.0
R072,0.0
Q089B,0.0
B179,0.0
B017,0.23397435897435898
M010-188,0.09090909090909091
B016,0.0
M283A,0.0
X039-ZN22,0.0
X039-ZN20,0.0
QZ449,0.0
M010-187,0.0
QZ110,0.125
QZ392,0.0
QZ393,0.0
QZ390,0.0
QZ391,0.0
QZ444,0.0
X080-02,0.0
QZ445,0.0
M108P-03,0.0
B082-ZN04,0.2
R070,0.0
X080-01,0.0
M108P-07,0.0
M108P-06,0.18181818181818182
M108P-05,0.0
M108P-04,0.0
X030-01,0.041666666666666664
BZ164,0.0
BZ162,0.125
BZ160,0.0
BZ161,0.0
QZ667,0.0
X126-ZN03,0.0
X126-ZN02,0.09090909090909091
X126-ZN01,0.1955128205128205
QZ664,0.0
Q319,0.0
QZ40,0.125
B082-ZN03,0.19230769230769232
XZ312,0.0
QZ43,0.0
XZ11,0.0
XZ10,0.0
B033,0.0
XZ12,0.125
XZ15,0.25
XZ14,0.0
XZ17,0.0
XZ16,0.125
XZ19,0.1111111111111111
XZ18,0.0
QZ661,0.0
B213,0.0
R075C,0.05555555555555555
B211,0.0
BZ309,0.0
B217,0.16666666666666666
B216,0.07692307692307693
B215,0.16666666666666666
BZ38,0.0
BZ302,0.0
M029-10,0.2222222222222222
BZ300,0.0
BZ301,0.0
BZ307,0.0
Q421,0.08333333333333333
Q423,0.12179487179487179
Q422,0.08333333333333333
Q425,0.25
Q424,0.0
Q427,0.3181818181818182
Q426,0.13636363636363635
Q429,0.25
Q428,0.05555555555555555
QZ425,0.0
QZ59,0.0
B432,0.07142857142857142
QZ54,0.0625
XZ362,0.125
XZ363,0.05555555555555555
B031,0.0
QZ51,0.0
Q162E,0.125
Q445,0.0
BZ236,0.0
BZ237,0.0
Q096E,0.027777777777777776
BZ235,0.0
Q096C,0.0625
Q096B,0.0
Q096A,0.0
BZ231,0.0
BZ238,0.1111111111111111
BZ239,0.0
M195,0.0
R079-01,0.0
M196,0.045454545454545456
M191,0.05
M190,0.08333333333333333
M193,0.09090909090909091
M192,0.1717171717171717
Q444,0.13888888888888887
M199,0.20833333333333334
M198,0.08333333333333333
XZ108,0.125
Q004A,0.0
XZ102,0.0
XZ103,0.0
XZ100,0.0
XZ101,0.0
XZ106,0.0
XZ107,0.0
XZ104,0.0
XZ105,0.0
B255O,0.05
B255N,0.1
B255M,0.10555555555555556
B255L,0.0
B255K,0.045454545454545456
B255J,0.08333333333333333
B255I,0.125
B255H,0.08333333333333333
B255G,0.1
B255F,0.4
B255E,0.0
B255D,0.07500000000000001
B255C,0.041666666666666664
B088,0.19230769230769232
B070,0.2222222222222222
B089,0.0
M058-ZN01,0.16666666666666666
M058-ZN02,0.125
M058-ZN03,0.35416666666666663
X017-02,0.08333333333333333
X017-01,0.05555555555555555
X195A,0.038461538461538464
M071-ZN05,0.045454545454545456
BT11,0.05
M046,0.0
M045,0.2333333333333333
M044,0.0
BT14,0.0
M041,0.16666666666666666
M040,0.25
Q353,0.2727272727272727
Q352,0.08333333333333333
Q351,0.15384615384615385
Q356,0.041666666666666664
Q355,0.0
Q354,0.05555555555555555
XZ467,0.0
M304,0.125
B080B,0.0
B146,0.0
Q440,0.08333333333333333
Q006-01,0.09090909090909091
XZ60,0.0
X092-09,0.09090909090909091
M308,0.25
R031-11,0.09090909090909091
R006-ZN01,0.2
R006-ZN02,0.08333333333333333
R006-ZN03,0.08333333333333333
X092-05,0.05
X092-06,0.0
MZ270,0.2222222222222222
M010-02,0.09090909090909091
M010-01,0.0
Q099-ZN10,0.07692307692307693
M294,0.041666666666666664
M295,0.0
M292,0.0
M290,0.14285714285714285
Q099-ZN11,0.045454545454545456
RZ75,0.0
QZ363,0.0
X204,0.12222222222222223
X205,0.08333333333333333
X202,0.15384615384615385
RZ70,0.0
RZ73,0.125
M077-04,0.16666666666666666
B057-04,0.3333333333333333
B057-05,0.375
B057-06,0.1611111111111111
Q099-ZN13,0.2
B223MA,0.0
B057-03,0.36363636363636365
Q443,0.20833333333333334
Q099-ZN15,0.25
QZ149,0.0
QZ148,0.0
Q099-ZN16,0.16666666666666666
QZ142,0.25
QZ141,0.0
QZ140,0.125
QZ147,0.0
QZ146,0.0
QZ145,0.0
Q119,0.15384615384615385
B141,0.0
Q099-ZN19,0.18681318681318682
B149B,0.08333333333333333
B149A,0.08333333333333333
QZ547,0.0
QZ546,0.14285714285714285
QZ545,0.0
XZ152,0.0
B058-ZN03,0.2727272727272727
X119,0.0
B366,0.041666666666666664
X112,0.0
X113,0.08333333333333333
X111,0.08333333333333333
X116,0.08333333333333333
RZ209,0.14285714285714285
X114,0.08333333333333333
X115,0.16666666666666666
RZ208,0.0
B058-ZN06,0.09090909090909091
R079,0.17857142857142855
R078,0.08712121212121213
X002-08,0.0
B058-ZN05,0.0
X148K2,0.1
X148K3,0.0
R071,0.25
X148K1,0.0
R076,0.08712121212121213
X148K4,0.1
Q162-ZN04C,0.1111111111111111
Q162-ZN04B,0.07407407407407407
Q162-ZN04A,0.2222222222222222
XZ147,0.0
B065-ZN04,0.2
M071-ZN07,0.08333333333333333
M077-ZN04,0.3
M077-ZN03,0.23636363636363636
M077-ZN02,0.2727272727272727
M077-ZN01,0.0
X039-ZN18,0.1037037037037037
M010-195,0.0
X039-ZN16,0.0
X039-ZN15,0.10555555555555556
B233D11,0.0625
X039-ZN13,0.0
X039-ZN12,0.0
M010-193,0.0
X039-ZN10,0.0
RZ294,0.0
XZ469,0.0
Q012-ZN02,0.09090909090909091
Q012-ZN03,0.07692307692307693
Q012-ZN01,0.125
BZ159,0.125
BZ158,0.0
BZ153,0.0
BZ152,0.0
BZ151,0.0
BZ150,0.0
BZ157,0.14285714285714285
M010-ZN10&11,0.1
B537,0.0
BZ337,0.0625
BZ336,0.0
BZ335,0.0
M029-02,0.13636363636363635
BZ330,0.0
Q164-ZN11C,0.1111111111111111
Q164-ZN11B,0.07037037037037037
Q164-ZN11A,0.06666666666666667
BZ339,0.0
BZ338,0.0625
B228,0.09090909090909091
B229,0.0
B226,0.0
B227,0.0
B224,0.15384615384615385
B225,0.22727272727272727
B222,0.125
B220,0.16666666666666666
B221,0.08333333333333333
B154,0.16666666666666666
B407,0.08333333333333333
B404,0.045454545454545456
B405,0.16666666666666666
B402,0.08333333333333333
B403,0.045454545454545456
B152,0.041666666666666664
B401,0.16666666666666666
Q186,0.125
B158,0.0
B159,0.0
QZ49,0.0
XZ358,0.1111111111111111
XZ353,0.0625
XZ352,0.0
XZ351,0.14285714285714285
XZ350,0.0
XZ357,0.16666666666666666
XZ355,0.2857142857142857
XZ354,0.0
RZ40,0.0
M088-03,0.037037037037037035
M088-01,0.2
Q099-20,0.09090909090909091
Q162J,0.22727272727272727
BZ203,0.0
BZ202,0.0
BZ201,0.25
BZ200,0.0
BZ207,0.0
BZ206,0.0
B080,0.08333333333333333
B087,0.25
X163,0.2727272727272727
XZ135,0.0
XZ133,0.14285714285714285
XZ132,0.0
XZ131,0.0
XZ130,0.0
X161,0.0
XZ139,0.0
Q298,0.18181818181818182
Q299,0.15000000000000002
Q293,0.0
Q290,0.16666666666666666
Q291,0.18181818181818182
Q296,0.08333333333333333
Q294,0.19444444444444442
Q001-ZN06,0.2
Q001-ZN07,0.15384615384615385
Q001-ZN04,0.20833333333333331
Q001-ZN05,0.0
Q001-ZN02,0.15384615384615385
Q001-ZN03,0.16666666666666666
Q001-ZN01,0.23076923076923078
Q364,0.08333333333333333
Q001-ZN08,0.0
Q001-ZN09,0.038461538461538464
Q457,0.045454545454545456
Q366,0.125
Q367,0.08333333333333333
MZ170,0.0
Q362,0.16666666666666666
Q363,0.0
Q361,0.16666666666666666
Q369,0.125
M070,0.045454545454545456
Q160,0.0
M037-ZN02,0.125
M079,0.041666666666666664
Q168,0.0
X248,0.0
M283-01,0.0
M283-02,0.18181818181818182
M283-03,0.09090909090909091
Q451,0.15
XZ301,0.14285714285714285
B114-01,0.13636363636363635
M144-ZN02,0.08333333333333333
M144-ZN03,0.0
M144-ZN01,0.14646464646464646
M144-ZN06,0.0
M144-ZN04,0.12878787878787878
M144-ZN05,0.1488095238095238
Q452,0.0
XZ306,0.14285714285714285
M071-08,0.05
MZ12,0.125
M071-04,0.3181818181818182
R031-08,0.0
M071-02,0.0
MZ13,0.0
M171,0.0
Q163-02,0.1111111111111111
M170,0.0
M108T01,0.45454545454545453
MZ174,0.0
QZ183,0.0
QZ599,0.0
X219,0.0
M280,0.1
M282,0.0
M285,0.08333333333333333
M284,0.05
M287,0.0
X211,0.1
RZ01,0.0
RZ02,0.0625
RZ03,0.0
X214,0.0
X217,0.20833333333333331
X216,0.041666666666666664
QZ226,0.0
B025-01,0.09090909090909091
Q162-ZN03A,0.041666666666666664
MZ272,0.0
X045-02,0.1
XZ06,0.125
QZ597,0.0
B150,0.125
XZ07,0.0
QZ483,0.0
QZ486,0.0
XZ04,0.0625
QZ484,0.1111111111111111
QZ485,0.125
XZ05,0.0
BZ93A,0.0
BZ93B,0.0
X105,0.1111111111111111
X104,0.20512820512820515
X107,0.0
X106,0.33333333333333337
B151,0.125
M010-ZN12&13,0.08712121212121213
X102,0.125
QZ552,0.0
XZ01,0.0
RZ076N,0.0
RZ076S,0.0
R045,0.10555555555555556
RZ193,0.0
R048,0.12121212121212122
R049,0.14285714285714285
R038A,0.125
R038B,0.20833333333333334
RZ042A,0.0
X148J2,0.1111111111111111
B169-ZN03A,0.2409090909090909
B153,0.125
QZ154,0.0
QZ155,0.08333333333333333
QZ156,0.0
QZ157,0.0625
QZ150,0.0
QZ151,0.0
QZ152,0.0
QZ153,0.0
B169-ZN03B,0.18181818181818182
QZ158,0.125
QZ159,0.0
X039-ZN01,0.06666666666666667
X039-ZN02,0.045454545454545456
X039-ZN03,0.16666666666666666
X039-ZN04,0.1488095238095238
X039-ZN05,0.1875
X039-ZN06,0.1
X039-ZN07,0.08333333333333333
X039-ZN08,0.13636363636363635
X039-ZN09,0.0
Q036A,0.0
BZ140,0.0
BZ141,0.25
BZ142,0.0
BZ143,0.0
BZ315,0.0
R032,0.0
X092-ZN12,0.10714285714285714
Q341B,0.0
Q341C,0.13636363636363635
B068-01,0.09090909090909091
MZ153,0.1111111111111111
Q341F,0.0
BZ321,0.0
BZ322,0.0
BZ323,0.0
BZ324,0.0
BZ325,0.0
BZ326,0.0
BZ327,0.0
M071-03,0.1
Q341E,0.05
M071-ZN03,0.0
QZ424,0.0
Q174A,0.15384615384615385
M071-ZN02,0.08712121212121213
BZ79,0.0
B231,0.0
B230,0.09090909090909091
Q101,0.0625
B232,0.11868686868686869
B235,0.0
B234,0.041666666666666664
B237,0.10416666666666666
B236,0.14898989898989898
B147,0.09090909090909091
R027A,0.08333333333333333
B145,0.2727272727272727
MZ188,0.0
XZ340,0.0
B142,0.0
Q021C,0.09090909090909091
Q021B,0.125
B419,0.0
B418,0.041666666666666664
MZ181,0.125
M071-ZN06,0.0
XZ348,0.0
XZ349,0.0
MZ185,0.125
B148,0.0
R005-01,0.037037037037037035
M140-01,0.0
RZ101,0.0
X015,0.1111111111111111
B095,0.1111111111111111
B094,0.1111111111111111
B097,0.041666666666666664
QZ139,0.0
B223K,0.1606060606060606
B223H,0.0
B223I,0.0
B223F,0.0
B223G,0.0
B223E,0.0
B223B,0.16666666666666666
B098,0.16666666666666666
B223A,0.09090909090909091
BZ218,0.0
BZ219,0.0
B223V,0.05
BZ215,0.1111111111111111
B223T,0.0
B223U,0.0
B223R,0.08333333333333333
B223S,0.14393939393939395
Q285,0.06060606060606061
Q284,0.1111111111111111
XZ122,0.0
XZ123,0.0
Q281,0.125
XZ125,0.125
Q283,0.0625
XZ127,0.0
XZ128,0.0
XZ129,0.0
Q289,0.041666666666666664
B073-02D,0.1111111111111111
MZ98,0.0
MZ96,0.0
MZ97,0.0
MZ94,0.16666666666666666
MZ93,0.0
X108,0.07692307692307693
B008-03,0.25
M042-01,0.0
M042-03,0.0
M042-02,0.0
XZ121B,0.0
XZ121C,0.0
XZ121A,0.0
Q371,0.16666666666666666
Q370,0.0
Q373,0.13888888888888887
Q375,0.08333333333333333
Q377,0.030303030303030304
Q376,0.2222222222222222
Q379,0.16666666666666666
Q378,0.0
Q177,0.0
R037,0.0
Q174,0.0
M069,0.08333333333333333
Q172,0.1111111111111111
M065,0.18181818181818182
M064,0.16666666666666666
M067,0.041666666666666664
M066,0.08333333333333333
BZ19,0.0
Q178,0.1111111111111111
XZ12A,0.125
QZ90,0.1
BZ18,0.0
QZ96,0.0
QZ97,0.0
Q300A-01,0.0
R033,0.027777777777777776
QZ98,0.0
M208D-01,0.12121212121212122
QZ295,0.0
M071-16,0.0
BZ11,0.1
M071-13,0.0
QZ298,0.0
BZ50,0.0
B054-01,0.05
BZ227,0.0
M108T,0.16666666666666666
MZ70,0.25
MZ71,0.0
Q163-19,0.1
Q163-ZN05A,0.19444444444444442
Q008-02,0.0
Q008-01,0.0
Q163-ZN05B,0.09090909090909091
R046-ZN04,0.10714285714285714
R046-ZN05,0.18181818181818182
RZ19,0.0
RZ18,0.0
R046-ZN01,0.07142857142857142
R046-ZN02,0.041666666666666664
R046-ZN03,0.14090909090909093
M277,0.07692307692307693
M270,0.10984848484848483
RZ14,0.0
M211A,0.2727272727272727
M289,0.09090909090909091
Q395,0.15
XZ346,0.0
X170,0.0
X171,0.08333333333333333
X172,0.16666666666666666
X174,0.0
X175,0.045454545454545456
X176,0.08333333333333333
X177,0.16666666666666666
X178,0.0
X179,0.08333333333333333
X201-01,0.06060606060606061
B057-ZN05,0.07692307692307693
B057-ZN02,0.047619047619047616
B057-ZN03,0.15384615384615385
B057-ZN01,0.25
XZ347,0.0
M042-ZN07,0.0
M042-ZN06,0.3333333333333333
M042-ZN05,0.1
M042-ZN04,0.25874125874125875
M042-ZN03,0.13333333333333333
RZ185,0.0
M042-ZN01,0.07692307692307693
QZ584,0.0
QZ235,0.0
QZ234,0.0
QZ346,0.0
B251-ZN01,0.0625
QZ230,0.125
QZ233,0.0625
M042-ZN08,0.06666666666666667
X002-05A,0.15151515151515152
QZ348,0.0
MZ125,0.0
B172,0.0
MZ124,0.1111111111111111
MZ127,0.0
QZ121,0.0
QZ120,0.0
MZ126,0.0
Q162-ZN02A,0.1
QZ124,0.0
QZ127,0.0
QZ126,0.0
QZ129,0.0
MZ121,0.0
X006,0.1
X007,0.1534090909090909
M024,0.0
B381,0.10256410256410257
MZ123,0.125
B380,0.0
B268,0.3181818181818182
XZ342,0.0
RZ06,0.0
XZ110,0.0
B384,0.1653069153069153
BZ130,0.0
BZ133,0.0
BZ132,0.0
BZ135,0.0
RZ223,0.0
BZ10,0.16666666666666666
BZ136,0.1111111111111111
B037,0.0
BZ138,0.125
RZ222,0.0
XZ343,0.0
XZ117,0.0
Q162-ZN03B,0.0
B082-01B,0.1111111111111111
B396,0.16666666666666666
B397,0.07692307692307693
B395,0.038461538461538464
B392,0.1875
B390,0.041666666666666664
B391,0.09090909090909091
Q139,0.05
Q004-01,0.0
M111,0.16666666666666666
Q460,0.08333333333333333
Q135A,0.0
Q102-02,0.0
XZ330,0.0
XZ333,0.125
B171,0.0
XZ335,0.125
XZ334,0.125
XZ337,0.0
XZ336,0.0
XZ339,0.0
XZ338,0.0
B178,0.1111111111111111
B169-ZN01A,0.14285714285714285
R005-15,0.0
X004-04,0.08333333333333333
Q099-01,0.09090909090909091
M010-ZN36,0.0
BZ269,0.0
BZ268,0.125
BZ261,0.0
BZ260,0.0
BZ263,0.25
BZ262,0.0
BZ265,0.25
BZ264,0.0
BZ267,0.0
BZ266,0.0
X092-ZN17,0.0
MZ271,0.0
X004-02,0.0
MZ80,0.0
XZ240,0.0
MZ87,0.0
B032-ZN03,0.2
B032-ZN02,0.18181818181818182
B032-ZN01,0.18181818181818182
Q100A,0.0
MZ197,0.0
MZ191,0.0
MZ192,0.0
MZ198,0.125
MZ199,0.0
Q021-ZN01,0.13636363636363635
Q021-ZN02,0.0
Q021-ZN03,0.15384615384615385
Q021-ZN04,0.125
Q021-ZN05,0.16666666666666666
Q021-ZN06,0.10989010989010989
BZ155,0.0
Q226-01,0.09090909090909091
Q163-ZN06A,0.1
Q163-ZN06B,0.18181818181818182
Q226-02,0.1111111111111111
Q385,0.045454545454545456
Q386,0.07692307692307693
Q381,0.09090909090909091
Q382,0.2857142857142857
Q383,0.0
Q142,0.0
M019,0.11538461538461539
Q140,0.0
Q141,0.07692307692307693
Q147,0.0
M125B,0.08333333333333333
M125C,0.0
Q148,0.0
M125A,0.0
M014,0.23076923076923078
M015,0.3076923076923077
M125D,0.05
M125E,0.05555555555555555
QZ85,0.0
QZ86,0.0
QZ81,0.0
QZ80,0.0
QZ83,0.05
QZ82,0.125
M005-ZN01,0.09090909090909091
Q388,0.0
RZ258,0.0
RZ259,0.0
X020,0.08333333333333333
M124,0.18181818181818182
B028-ZN01,0.07692307692307693
B028-ZN02,0.23076923076923078
M127,0.037037037037037035
X103,0.16666666666666666
M122,0.09090909090909091
M123,0.2222222222222222
Q220D,0.07407407407407407
Q220E,0.16666666666666666
Q220F,0.1111111111111111
Q220G,0.0909090909090909
Q389,0.1851851851851852
B082-ZN01,0.0
Q220B,0.045454545454545456
Q220C,0.0
MZ66,0.0
MZ65,0.0
MZ64,0.125
MZ63,0.0
MZ62,0.125
MZ61,0.0
MZ60,0.0
BZ198,0.0
MZ69,0.0
BZ101A,0.0
X046-01,0.0
Q163-21,0.0
Q163-20,0.13636363636363635
X063,0.0
RZ26,0.125
RZ27,0.0
RZ24,0.125
RZ25,0.125
RZ22,0.0
RZ23,0.0
RZ20,0.0
RZ21,0.0
RZ28,0.0
RZ29,0.0
M010-ZN40,0.0
M010-ZN41,0.0
M010-ZN44,0.13333333333333333
M010-ZN45,0.3333333333333333
M010-ZN46,0.0
M010-ZN47,0.0
M010-ZN48,0.0
M265,0.0
M264,0.08333333333333333
M263,0.08333333333333333
M262,0.0
B012-03,0.13636363636363635
XZ328,0.0
Q348,0.16666666666666666
Q349,0.08333333333333333
X265,0.20833333333333331
X010-ZN09,0.12820512820512822
M010-031,0.041666666666666664
X010-ZN08,0.17045454545454547
R120-ZN03,0.0
R120-ZN02,0.1111111111111111
R120-ZN01,0.05555555555555555
X160,0.09090909090909091
X166,0.15384615384615385
X165,0.25
X164,0.09090909090909091
X169,0.16666666666666666
X168,0.0
Q340,0.1111111111111111
X025,0.1
QZ42,0.125
X263,0.19444444444444445
Q342,0.0
X148H2,0.18181818181818182
X148H1,0.13333333333333333
Q343,0.16666666666666666
RZ179,0.0
RZ178,0.0
QZ229,0.0
RZ175,0.0
RZ174,0.0
QZ596,0.0
RZ176,0.0
RZ171,0.1111111111111111
RZ170,0.0
RZ172,0.0
B087-01,0.09090909090909091
X010-ZN03,0.08333333333333333
R042,0.0
RZ042B,0.0
Q347,0.08333333333333333
R035,0.041666666666666664
X004-03,0.15384615384615385
B100-02,0.05555555555555555
B100-01,0.20833333333333331
Q357B01,0.09090909090909091
M071-ZN01,0.15384615384615385
QZ133,0.0
QZ130,0.0
QZ131,0.0
QZ136,0.125
M071-ZN04,0.0
QZ134,0.1875
X018,0.0
M071-ZN09,0.08712121212121213
QZ518,0.0
R034,0.041666666666666664
X088-01,0.05
X012,0.0
M010-145,0.0
M010-143,0.0
QZ823,0.0
Q162-ZN01A,0.18181818181818182
Q162-ZN01B,0.1
M203E,0.0
QZ519,0.14285714285714285
B169-ZN06B,0.2740740740740741
BZ126,0.0
BZ127,0.0
BZ128,0.0
BZ129,0.0
M203D,0.125
QT06,0.0
BZ80,0.0
BZ81,0.0
BZ82,0.0
BZ84,0.0
BZ85,0.14285714285714285
BZ86,0.0
BZ87,0.0
BZ88,0.0
B239,0.041666666666666664
Q005-ZN02,0.0
Q005-ZN03,0.09090909090909091
Q005-ZN01,0.08585858585858586
RZ221,0.14285714285714285
RZ220,0.0
Q005-ZN04,0.09090909090909091
Q005-ZN05,0.09090909090909091
B389,0.045454545454545456
B388,0.1111111111111111
BZ57,0.0
B210A,0.09090909090909091
B210B,0.16666666666666666
B210C,0.0
B210F,0.0
XZ29,0.125
B210H,0.2727272727272727
B210I,0.15384615384615385
B210J,0.24242424242424243
BZ371,0.0
B210P,0.0
B210Q,0.0
M005-ZN02,0.0
B210W,0.5
XZ323,0.0
XZ326,0.1111111111111111
XZ327,0.0
XZ324,0.0
XZ325,0.0
B164,0.17948717948717952
B167,0.0
B161,0.041666666666666664
B160,0.0
B163,0.25
B162,0.0
XZ20,0.14285714285714285
XZ22,0.0
XZ23,0.0
Q099-18,0.030303030303030304
Q099-16,0.12121212121212122
Q099-17,0.06060606060606061
Q099-15,0.18181818181818182
XZ25,0.0
BZ278,0.125
BZ279,0.0
BZ272,0.0
BZ273,0.0
BZ270,0.0
B096,0.17045454545454547
BZ276,0.0
BZ274,0.0
BZ275,0.25
