,CensusTract,Market_Val
0,360050,121500.0
1,36005100,527664000.0
2,3600511000,517000.0
3,360051150200,415000.0
4,3600511700,580500.0
5,3600511800,404000.0
6,3600511900,379000.0
7,360051210100,352000.0
8,360051210200,349000.0
9,3600512300,430000.0
10,3600512500,353500.0
11,360051270100,307000.0
12,360051290100,404500.0
13,3600513000,422000.0
14,3600513100,369000.0
15,3600513200,403000.0
16,3600513300,322500.0
17,3600513500,373000.0
18,3600513800,405000.0
19,3600514100,370000.0
20,3600514300,495615.5
21,3600514400,414000.0
22,3600514500,424000.0
23,360051470100,1152000.0
24,360051470200,819000.0
25,3600514900,434000.0
26,3600515100,444000.0
27,3600515200,384000.0
28,3600515300,346000.0
29,3600515500,404000.0
30,3600515700,415000.0
31,3600515800,439000.0
32,3600515900,732000.0
33,360051600,380000.0
34,3600516000,401000.0
35,3600516100,693000.0
36,3600516200,416500.0
37,3600516300,17069000.0
38,3600516400,405000.0
39,3600516500,461000.0
40,3600516600,393000.0
41,3600516700,376000.0
42,3600516900,314000.0
43,3600517300,486000.0
44,3600517500,496000.0
45,360051770100,405000.0
46,360051770200,350000.0
47,360051790100,929000.0
48,360051790200,870000.0
49,360051810100,454000.0
50,360051810200,1112000.0
51,360051830100,1931000.0
52,360051830200,503500.0
53,3600518400,409500.0
54,3600518500,356000.0
55,3600518900,455000.0
56,360051900,434000.0
57,3600519300,493000.0
58,3600519400,400500.0
59,3600519500,1280000.0
60,3600519700,1416000.0
61,3600519900,464000.0
62,36005200,328000.0
63,360052000,390000.0
64,3600520000,448000.0
65,3600520100,428500.0
66,3600520200,415000.0
67,3600520400,399000.0
68,360052050100,391000.0
69,360052050200,408000.0
70,360052060100,423000.0
71,3600520900,900000.0
72,360052100100,1683000.0
73,360052100200,803500.0
74,3600521100,355000.0
75,3600521200,0.0
76,360052130100,456000.0
77,360052130200,484000.0
78,360052150100,755000.0
79,360052150200,482000.0
80,360052160100,458000.0
81,360052160200,478000.0
82,3600521700,498500.0
83,3600521800,413000.0
84,3600521900,572500.0
85,3600522000,369500.0
86,360052210100,1264500.0
87,360052210200,1513000.0
88,3600522200,438000.0
89,3600522300,1623000.0
90,360052240100,2574000.0
91,360052240300,2678000.0
92,360052240400,2505000.0
93,3600522500,530000.0
94,360052270100,424500.0
95,360052270200,1267000.0
96,360052270300,2203500.0
97,3600522800,464000.0
98,360052290100,507500.0
99,360052290200,442000.0
100,360052300,799000.0
101,3600523000,441000.0
102,3600523100,492500.0
103,3600523200,443000.0
104,360052330100,556500.0
105,360052330200,551000.0
106,360052350100,789000.0
107,360052350200,436000.0
108,3600523600,406000.0
109,360052370200,1135000.0
110,360052370300,1173000.0
111,360052370400,676500.0
112,3600523800,418000.0
113,3600523900,429500.0
114,360052400,535000.0
115,3600524000,415000.0
116,3600524100,516000.0
117,3600524300,408000.0
118,3600524400,400500.0
119,360052450100,511500.0
120,360052450200,382000.0
121,3600524600,431000.0
122,3600524700,434500.0
123,3600524800,467000.0
124,3600524900,12062500.0
125,360052500,499000.0
126,3600525000,428000.0
127,3600525100,382000.0
128,3600525200,432000.0
129,3600525300,432000.0
130,3600525400,426000.0
131,3600525500,447000.0
132,3600525600,386000.0
133,3600525700,359000.0
134,3600526100,268691914.5
135,3600526300,462000.0
136,3600526400,421000.0
137,3600526500,489000.0
138,360052660100,424500.0
139,360052660200,453000.0
140,360052670100,553500.0
141,360052670200,523500.0
142,3600526900,427500.0
143,36005270100,400000.0
144,36005270200,345000.0
145,3600527300,446000.0
146,360052740100,474000.0
147,360052740200,539500.0
148,3600527600,9401000.0
149,3600527700,397000.0
150,3600527900,426000.0
151,360052800,332000.0
152,3600528100,600000.0
153,3600528300,756000.0
154,3600528400,324000.0
155,3600528500,516000.0
156,3600528600,393500.0
157,3600528700,533500.0
158,3600528800,469000.0
159,3600528900,1118000.0
160,360052930100,1144000.0
161,360052930200,834500.0
162,3600529500,704000.0
163,3600529600,406500.0
164,3600529700,922000.0
165,3600530000,464000.0
166,3600530100,975500.0
167,3600530200,412000.0
168,360053070100,1285500.0
169,3600530900,1409000.0
170,360053100,367000.0
171,3600531000,461500.0
172,3600531200,412000.0
173,3600531400,413000.0
174,3600531600,417000.0
175,3600531800,431000.0
176,3600531900,550500.0
177,3600532300,1149000.0
178,3600532400,415000.0
179,3600532600,416000.0
180,3600532800,419000.0
181,360053300,359500.0
182,3600533000,441500.0
183,360053320100,666000.0
184,360053320200,479000.0
185,3600533400,34989500.0
186,3600533500,1383500.0
187,3600533600,425500.0
188,3600533700,616000.0
189,3600533800,403000.0
190,3600534000,444000.0
191,3600534200,407000.0
192,3600534300,636500.0
193,3600534400,382000.0
194,3600534500,604000.0
195,3600534800,381000.0
196,360053500,403000.0
197,3600535000,332500.0
198,3600535100,781000.0
199,3600535600,401000.0
200,3600535800,369000.0
201,3600535900,452500.0
202,3600536000,383000.0
203,3600536100,409000.0
204,3600536300,447000.0
205,3600536400,350000.0
206,360053650100,414000.0
207,360053650200,401000.0
208,3600536700,353000.0
209,3600536800,342000.0
210,360053690100,458000.0
211,360053690200,373000.0
212,360053700,372000.0
213,3600537000,367500.0
214,3600537100,362000.0
215,3600537200,361500.0
216,3600537300,387000.0
217,3600537400,389000.0
218,360053750400,418000.0
219,3600537600,403000.0
220,3600537800,414000.0
221,3600537900,348500.0
222,360053800,370000.0
223,3600538000,402000.0
224,3600538100,403000.0
225,3600538200,338500.0
226,360053830100,389500.0
227,360053830200,619000.0
228,3600538500,353000.0
229,3600538600,353000.0
230,3600538700,385500.0
231,3600538800,355000.0
232,3600538900,379000.0
233,360053900,359000.0
234,3600539000,408000.0
235,3600539100,395000.0
236,3600539200,444000.0
237,3600539300,410000.0
238,3600539400,434000.0
239,3600539500,321000.0
240,3600539600,400500.0
241,3600539700,413500.0
242,3600539800,352000.0
243,360053990100,501000.0
244,360053990200,559000.0
245,36005400,359000.0
246,36005400100,405000.0
247,3600540100,1023000.0
248,360054030200,1460000.0
249,360054030300,415000.0
250,360054030400,889500.0
251,3600540400,368500.0
252,360054050100,422000.0
253,360054050200,430000.0
254,3600540600,402000.0
255,360054070100,577000.0
256,360054070200,452500.0
257,3600540800,423000.0
258,3600540900,465000.0
259,360054100,310000.0
260,3600541100,415500.0
261,3600541300,413000.0
262,3600541400,400000.0
263,3600541500,508500.0
264,3600541800,426000.0
265,3600541900,529000.0
266,360054200,383000.0
267,3600542000,410500.0
268,3600542100,1499000.0
269,3600542200,387000.0
270,3600542300,474500.0
271,3600542400,349500.0
272,3600542500,444000.0
273,3600542600,372000.0
274,3600542800,343500.0
275,360054290100,376500.0
276,360054290200,410000.0
277,360054300,346000.0
278,3600543000,370000.0
279,3600543100,639000.0
280,3600543400,364000.0
281,3600543500,4000000.0
282,3600543600,310000.0
283,360054400,409500.0
284,3600544200,364000.0
285,3600544400,367000.0
286,3600544800,344000.0
287,360054490100,500500.0
288,360054490200,444000.0
289,360054510100,423000.0
290,360054510200,397000.0
291,3600545600,400000.0
292,3600545800,54247000.0
293,360054600,613000.0
294,3600546000,428500.0
295,360054620100,644000.0
296,360054620200,411000.0
297,360054800,430000.0
298,3600548400,387500.0
299,36005500100,403000.0
300,36005500200,412000.0
301,3600550400,578000.0
302,360055100,502500.0
303,3600551600,432000.0
304,360055200,408000.0
305,360055300,29741500.0
306,360055400,405000.0
307,360055600,437000.0
308,36005590200,1070500.0
309,360056000,343000.0
310,360056100,1278000.0
311,360056200,411000.0
312,360056300,570000.0
313,360056400,424500.0
314,360056500,511500.0
315,360056700,417000.0
316,360056800,429000.0
317,360056900,431000.0
318,360057000,430000.0
319,360057100,661000.0
320,360057200,407000.0
321,360057300,444000.0
322,360057400,377000.0
323,360057500,321000.0
324,360057600,419000.0
325,360057700,368000.0
326,360057800,402000.0
327,360057900,454500.0
328,360058300,402000.0
329,360058400,366000.0
330,360058500,455000.0
331,360058600,377000.0
332,360058700,555000.0
333,360058900,536500.0
334,360059000,346000.0
335,360059200,397000.0
336,360059300,411000.0
337,360059600,416000.0
338,360059800,387000.0
339,360610,1018000.0
340,36061100,121406500.0
341,3606110000,7451500.0
342,36061100100,1715000.0
343,36061100200,3582000.0
344,3606110100,5209000.0
345,3606110200,16877000.0
346,3606110300,1974000.0
347,3606110400,4482000.0
348,360611060100,5259500.0
349,360611060200,2765500.0
350,3606110800,2674500.0
351,3606110900,11115500.0
352,3606111000,4261000.0
353,3606111100,2132000.0
354,360611120100,10581500.0
355,360611120200,26172500.0
356,360611120300,4286000.0
357,3606111300,11985000.0
358,360611140100,8693500.0
359,360611140200,3781000.0
360,3606111500,2332500.0
361,3606111600,5676000.0
362,3606111700,4637000.0
363,3606111800,4403000.0
364,3606111900,5744000.0
365,360611200,3128000.0
366,3606112000,7707500.0
367,3606112100,2370500.0
368,3606112200,7782500.0
369,3606112400,2827000.0
370,3606112500,5643000.0
371,3606112600,3505000.0
372,3606112700,2200000.0
373,3606112800,7719000.0
374,3606112900,1952000.0
375,360611300,6403500.0
376,3606113000,12139000.0
377,3606113100,8362000.0
378,3606113200,2457000.0
379,3606113300,2257000.0
380,3606113400,3100000.0
381,3606113500,4928500.0
382,3606113600,2355000.0
383,3606113700,7672210.5
384,3606113800,2381000.0
385,3606113900,2545000.0
386,3606114000,5793000.0
387,36061140100,3807000.0
388,36061140200,1814500.0
389,3606114200,9515000.0
390,3606114300,6917900000.0
391,360611440100,3567000.0
392,360611440200,2864000.0
393,3606114500,12223000.0
394,360611460100,2551000.0
395,360611460200,2267000.0
396,3606114700,8279000.0
397,360611480100,3633000.0
398,360611480200,3426000.0
399,3606114900,7095000.0
400,360611500100,14350000.0
401,360611500200,10491000.0
402,36061150100,2838000.0
403,36061150200,2732292.0
404,3606115100,9084000.0
405,3606115200,3340500.0
406,3606115300,2949000.0
407,3606115400,2189000.0
408,3606115500,3637000.0
409,360611560100,2141000.0
410,360611560200,2064000.0
411,3606115700,2676500.0
412,360611580100,4346000.0
413,360611580200,1116500.0
414,3606115900,2559000.0
415,360611600,1355000.0
416,360611600100,9002500.0
417,360611600200,3035500.0
418,3606116100,2519500.0
419,3606116200,1961000.0
420,3606116300,2682000.0
421,3606116400,725000.0
422,3606116500,2300000.0
423,3606116600,941500.0
424,3606116700,3109000.0
425,3606116800,2281000.0
426,3606116900,2176000.0
427,3606117000,741000.0
428,3606117100,2783335.0
429,3606117200,633000.0
430,3606117300,2343000.0
431,360611740100,1377000.0
432,360611740200,591500.0
433,3606117500,2259000.0
434,3606117700,3598500.0
435,3606117800,730000.0
436,3606117900,3032500.0
437,360611800,1697000.0
438,3606118000,841000.0
439,3606118100,2988000.0
440,3606118200,708500.0
441,3606118300,3564000.0
442,3606118400,1120000.0
443,3606118500,850000.0
444,3606118600,2118000.0
445,3606118700,2278000.0
446,3606118800,672000.0
447,3606118900,1519000.0
448,3606119000,812000.0
449,3606119100,2380000.0
450,3606119200,912000.0
451,3606119300,1429000.0
452,3606119400,686000.0
453,3606119500,1976000.0
454,3606119600,621000.0
455,360611970100,14621500.0
456,360611970200,1169000.0
457,3606119800,730000.0
458,3606119900,2095000.0
459,360612000,17093000.0
460,3606120000,616000.0
461,3606120100,1399500.0
462,360612010100,4096500.0
463,360612010200,893000.0
464,3606120200,3316500.0
465,3606120300,2528000.0
466,3606120500,3612000.0
467,3606120600,472167.0
468,360612070100,4251500.0
469,3606120800,603000.0
470,360612090100,898000.0
471,360612100,2075000.0
472,3606121000,28770000.0
473,3606121100,2656000.0
474,3606121200,1006000.0
475,360612130300,969000.0
476,3606121400,6361000.0
477,3606121500,706500.0
478,3606121600,1061500.0
479,360612170300,35173130.0
480,3606121800,911000.0
481,3606121900,1169500.0
482,3606122000,823500.0
483,36061220100,1561500.0
484,36061220200,1821000.0
485,360612210200,822500.0
486,3606122200,815500.0
487,360612230100,1044000.0
488,360612230200,2034500.0
489,3606122400,708000.0
490,3606122500,1196000.0
491,3606122600,822500.0
492,3606122700,1085000.0
493,3606122800,767500.0
494,3606122900,997000.0
495,3606123000,938000.0
496,3606123100,947500.0
497,3606123200,1084000.0
498,3606123300,924000.0
499,3606123400,830000.0
500,360612350100,1000000.0
501,360612350200,746000.0
502,3606123600,925500.0
503,3606123700,1009000.0
504,360612380100,4254000.0
505,360612380200,484236000.0
506,3606123900,1056500.0
507,360612400,49663000.0
508,3606124000,50541894.0
509,3606124100,1023000.0
510,3606124200,1518000.0
511,360612430100,947000.0
512,360612430200,18271000.0
513,3606124500,1046000.0
514,3606124700,1628000.0
515,3606124900,739500.0
516,360612500,35185000.0
517,3606125100,903000.0
518,3606125300,1136000.0
519,3606125500,2194000.0
520,3606125700,1304000.0
521,3606125900,793500.0
522,36061260100,1408000.0
523,36061260200,1879000.0
524,3606126100,879000.0
525,3606126300,1751500.0
526,3606126500,2187000.0
527,3606126700,2852000.0
528,3606126900,755500.0
529,360612700,1155000.0
530,3606127100,1587500.0
531,3606127300,2538000.0
532,3606127500,2789000.0
533,3606127700,1294000.0
534,3606127900,1211500.0
535,360612800,2099000.0
536,3606128100,5486000.0
537,3606128300,1413000.0
538,3606128500,1343000.0
539,3606128700,2243000.0
540,360612900,1542000.0
541,3606129100,1161000.0
542,3606129300,1670000.0
543,3606129500,1598000.0
544,3606129700,42763000.0
545,3606129900,1293500.0
546,36061300100,1959000.0
547,36061300200,2090000.0
548,3606130300,2025000.0
549,3606130700,1249000.0
550,3606130900,629000.0
551,360613100,4404000.0
552,3606131100,1659000.0
553,360613170300,84931000.0
554,360613170400,0.0
555,3606131900,158261000.0
556,360613200,2240000.0
557,360613300,1922000.0
558,360613400,1870000.0
559,36061360100,1565500.0
560,36061360200,2135000.0
561,360613700,2870000.0
562,360613800,2308000.0
563,360613900,2033500.0
564,360614000,2347500.0
565,360614100,1918500.0
566,360614200,3148000.0
567,360614300,2319000.0
568,360614400,4339000.0
569,360614500,3344000.0
570,360614700,2837000.0
571,360614800,3031000.0
572,360614900,4056500.0
573,36061500,339172000.0
574,360615000,4139500.0
575,360615200,5387000.0
576,360615400,3687000.0
577,36061550100,18115500.0
578,36061550200,3159000.0
579,360615600,3464000.0
580,360615700,8148000.0
581,360615800,4481500.0
582,360615900,4421000.0
583,36061600,1312000.0
584,360616000,194340500.0
585,360616100,4416500.0
586,360616200,21318000.0
587,360616300,4255000.0
588,360616400,3104500.0
589,360616500,3240500.0
590,360616600,2299000.0
591,360616700,3044000.0
592,360616800,3718000.0
593,360616900,3881000.0
594,36061700,18651000.0
595,360617000,2450000.0
596,360617100,3346000.0
597,360617200,3004000.0
598,360617300,3115500.0
599,360617400,4817000.0
600,360617500,3993000.0
601,360617600,5846500.0
602,360617700,3788500.0
603,360617800,2442000.0
604,360617900,4661000.0
605,36061800,1212000.0
606,360618000,3350500.0
607,360618100,2397000.0
608,360618200,8075000.0
609,360618300,2767500.0
610,360618400,5129000.0
611,36061860100,7911000.0
612,36061860200,5334500.0
613,36061860300,5276000.0
614,360618700,3033000.0
615,360618800,6284000.0
616,360618900,3033000.0
617,36061900,3965850.0
618,360619000,3732000.0
619,360619100,3129000.0
620,360619200,5735000.0
621,360619300,3226000.0
622,360619400,11583500.0
623,360619500,2821500.0
624,360619600,6734000.0
625,360619700,2454000.0
626,360619800,2795000.0
627,360619900,2928000.0
628,360810,122000.0
629,36081100,1352000.0
630,360811000,415000.0
631,3608110000,409000.0
632,3608110080100,380500.0
633,3608110080200,399500.0
634,3608110100,736000.0
635,3608110100100,376500.0
636,3608110100200,553000.0
637,36081101700,684000.0
638,3608110200,400000.0
639,36081102900,758000.0
640,3608110300,781000.0
641,3608110320100,308000.0
642,3608110320200,584000.0
643,36081103300,682000.0
644,36081103900,637500.0
645,3608110400,392000.0
646,36081104700,739000.0
647,3608110500,733000.0
648,36081105900,681000.0
649,3608110600,418000.0
650,360811070100,362000.0
651,3608110720100,256000.0
652,3608110720200,21117000.0
653,3608110800,434000.0
654,36081108500,690500.0
655,36081109300,839500.0
656,36081109700,722000.0
657,36081109900,520000.0
658,3608111000,424000.0
659,3608111100,734000.0
660,36081111300,756000.0
661,3608111200,491000.0
662,36081112300,747000.0
663,36081112900,769000.0
664,3608111300,767000.0
665,36081113300,656500.0
666,36081113900,661000.0
667,3608111400,440500.0
668,36081114100,684000.0
669,36081114700,701000.0
670,3608111500,721000.0
671,36081115100,766000.0
672,36081115500,646000.0
673,36081115700,707000.0
674,36081115900,737000.0
675,3608111600,432000.0
676,36081116100,916000.0
677,36081116300,993000.0
678,36081116700,702500.0
679,3608111700,752000.0
680,36081117100,822000.0
681,36081117500,703000.0
682,3608111800,456000.0
683,36081118100,643000.0
684,36081118500,767000.0
685,36081118700,758000.0
686,36081118900,755000.0
687,3608111900,694000.0
688,36081119100,706000.0
689,36081119300,686000.0
690,36081119500,618000.0
691,36081119900,681000.0
692,360811200,441000.0
693,3608112000,439000.0
694,36081120100,688000.0
695,36081120300,729000.0
696,36081120500,731500.0
697,36081120700,609000.0
698,3608112100,766000.0
699,36081121100,9862500.0
700,36081121500,584000.0
701,3608112200,466500.0
702,36081122300,674000.0
703,3608112270100,620000.0
704,3608112270200,575000.0
705,360811230100,681000.0
706,3608112400,443000.0
707,36081124100,591000.0
708,36081124700,598000.0
709,3608112500,725000.0
710,36081125700,539000.0
711,360811260100,374000.0
712,360811260200,396000.0
713,36081126500,451000.0
714,36081126700,514000.0
715,36081127700,829500.0
716,3608112800,539000.0
717,36081128300,46675500.0
718,3608112910200,759000.0
719,3608112910300,722000.0
720,3608112910400,739000.0
721,3608113000,550000.0
722,36081130100,513000.0
723,3608113200,576000.0
724,36081133300,716000.0
725,36081133900,638000.0
726,3608113400,809500.0
727,36081134100,664500.0
728,36081134700,578000.0
729,3608113500,721000.0
730,3608113600,653000.0
731,36081136700,653000.0
732,3608113700,729500.0
733,36081137700,798000.0
734,3608113800,502000.0
735,3608113850100,841000.0
736,3608113850200,2303500.0
737,36081139900,709000.0
738,360811400,453000.0
739,3608114000,521000.0
740,36081140300,578500.0
741,3608114090100,655000.0
742,3608114090200,708000.0
743,3608114100,681000.0
744,36081141700,652000.0
745,360811420100,427000.0
746,360811420200,422500.0
747,36081142900,658000.0
748,3608114300,746000.0
749,36081143500,654000.0
750,3608114400,497000.0
751,36081144100,657000.0
752,36081144700,581000.0
753,3608114500,706000.0
754,3608114510100,681000.0
755,3608114510200,570000.0
756,36081145900,591000.0
757,36081146300,705000.0
758,36081146700,800000.0
759,3608114700,722000.0
760,36081147100,682000.0
761,36081147900,665000.0
762,3608114800,408000.0
763,36081148300,971000.0
764,3608114900,803000.0
765,3608115000,400000.0
766,3608115070100,773000.0
767,3608115070200,797000.0
768,3608115100,640500.0
769,3608115200,386000.0
770,3608115290100,719500.0
771,3608115290200,740000.0
772,3608115300,699500.0
773,3608115400,421000.0
774,3608115500,734000.0
775,3608115510100,307767000.0
776,3608115510200,536000.0
777,3608115600,386000.0
778,36081156700,622500.0
779,3608115700,790500.0
780,3608115710100,513000.0
781,3608115710200,526000.0
782,3608115790100,511000.0
783,3608115790200,543000.0
784,3608115790300,501000.0
785,360811580100,389000.0
786,360811580200,397000.0
787,3608115900,715000.0
788,360811600,359000.0
789,3608116100,724000.0
790,36081161700,460000.0
791,36081162100,438000.0
792,3608116300,578000.0
793,3608116400,384000.0
794,3608116600,373500.0
795,3608116800,354000.0
796,3608116900,756000.0
797,3608117000,364000.0
798,3608117100,659000.0
799,3608117200,356000.0
800,3608117400,373000.0
801,3608117600,358000.0
802,3608117800,358000.0
803,3608117900,814000.0
804,360811800,375000.0
805,3608118000,388000.0
806,360811810100,684500.0
807,360811810200,912000.0
808,3608118200,325000.0
809,3608118300,721000.0
810,360811840100,319000.0
811,360811840200,330000.0
812,360811850100,614000.0
813,360811850200,751000.0
814,3608118600,339500.0
815,3608118700,612000.0
816,3608118800,373000.0
817,3608118900,627000.0
818,360811900,626000.0
819,3608119000,308000.0
820,3608119200,307000.0
821,3608119400,339000.0
822,3608119600,388000.0
823,3608119800,385500.0
824,3608119900,699000.0
825,36081200,431000.0
826,360812000,488000.0
827,3608120200,336000.0
828,3608120400,373000.0
829,3608120500,537000.0
830,3608120600,364000.0
831,3608120800,381000.0
832,3608121200,400000.0
833,3608121400,487000.0
834,3608121600,480000.0
835,3608121900,994000.0
836,360812200,484000.0
837,360812200100,688000.0
838,360812200200,540500.0
839,3608122900,1108000.0
840,3608123000,499000.0
841,3608123200,577000.0
842,3608123500,631000.0
843,3608123600,597500.0
844,3608123800,475500.0
845,360812400,416500.0
846,3608124000,486000.0
847,3608124300,561000.0
848,3608124500,628000.0
849,3608124600,2476000.0
850,3608124700,782000.0
851,3608124900,739000.0
852,360812500,8219500.0
853,3608125100,720500.0
854,360812530100,754000.0
855,360812530200,796000.0
856,3608125400,372500.0
857,3608125500,570000.0
858,3608125700,566000.0
859,3608125800,340000.0
860,3608125900,670000.0
861,360812600,489500.0
862,3608126000,372000.0
863,3608126100,673000.0
864,3608126200,337000.0
865,3608126300,686000.0
866,3608126400,346000.0
867,3608126500,723500.0
868,3608126600,361000.0
869,3608126700,829000.0
870,360812690100,667500.0
871,360812690200,770000.0
872,3608127000,323000.0
873,3608127100,752500.0
874,3608127200,320000.0
875,3608127300,658000.0
876,3608127400,343000.0
877,3608127500,718000.0
878,3608127600,382000.0
879,3608127700,833000.0
880,3608127800,400500.0
881,3608127900,745500.0
882,360812800,440000.0
883,3608128000,334000.0
884,3608128100,811000.0
885,3608128200,318000.0
886,3608128300,946000.0
887,3608128400,387000.0
888,3608128500,762000.0
889,3608128700,863000.0
890,3608128800,348000.0
891,3608128900,630000.0
892,3608129100,645000.0
893,3608129300,560000.0
894,3608129400,396500.0
895,3608129500,545000.0
896,3608129700,557000.0
897,3608129900,2592000.0
898,360813000,468000.0
899,3608130600,390000.0
900,360813090200,652000.0
901,360813090300,585000.0
902,360813090400,575000.0
903,360813100,679500.0
904,3608131700,685000.0
905,360813200,407000.0
906,3608132000,420000.0
907,3608132700,631000.0
908,3608132800,418000.0
909,3608132900,486500.0
910,360813300,642500.0
911,3608133000,390000.0
912,360813340100,410000.0
913,360813340200,371500.0
914,3608133700,550000.0
915,3608133900,531000.0
916,360813400,360000.0
917,3608134700,516000.0
918,3608135100,440000.0
919,3608135200,372000.0
920,3608135300,428000.0
921,3608135700,462000.0
922,3608135800,422000.0
923,360813600,401000.0
924,3608136100,475000.0
925,3608136300,478500.0
926,3608136500,516500.0
927,3608136600,346000.0
928,3608136700,442000.0
929,3608136800,379500.0
930,360813700,15000.0
931,3608137100,572000.0
932,3608137300,532500.0
933,3608137500,588000.0
934,3608137600,377000.0
935,3608137700,560000.0
936,3608137900,568000.0
937,360813800,442000.0
938,3608138100,541500.0
939,360813830100,417500.0
940,360813830200,1743000.0
941,3608138400,370000.0
942,360813900,527000.0
943,3608139400,386000.0
944,3608139800,370000.0
945,3608139900,512000.0
946,36081400,409000.0
947,3608140000,374000.0
948,36081400100,469000.0
949,36081400200,416000.0
950,3608140100,602000.0
951,3608140200,394000.0
952,3608140300,589000.0
953,3608140400,345000.0
954,3608140500,611500.0
955,3608140700,584000.0
956,3608140900,541500.0
957,3608141100,455500.0
958,3608141300,578000.0
959,3608141400,382000.0
960,3608141500,589000.0
961,360814200,392000.0
962,3608142400,395000.0
963,3608142600,745000.0
964,3608142700,631000.0
965,360814300,534500.0
966,3608143200,415000.0
967,3608143400,364000.0
968,360814370100,626000.0
969,360814370200,604000.0
970,3608143900,551500.0
971,3608144000,355000.0
972,36081440100,475000.0
973,360814430100,560500.0
974,360814430200,598000.0
975,3608144400,413000.0
976,360814460100,1841000.0
977,360814460200,496000.0
978,3608144800,591000.0
979,360814500,513000.0
980,3608145000,473000.0
981,3608145200,579000.0
982,3608145400,670000.0
983,3608145500,10300500.0
984,3608145600,563000.0
985,3608145700,688000.0
986,3608145800,681000.0
987,3608145900,725000.0
988,3608146000,489500.0
989,3608146100,724000.0
990,3608146200,482000.0
991,3608146300,658000.0
992,3608146400,802000.0
993,3608146500,596000.0
994,3608146600,778000.0
995,3608146700,779000.0
996,3608146800,393000.0
997,3608146900,798000.0
998,360814700,720000.0
999,3608147000,400000.0
1000,3608147100,651000.0
1001,3608147200,696500.0
1002,3608147300,896500.0
1003,3608147500,715000.0
1004,3608147600,778000.0
1005,3608147800,549000.0
1006,3608147900,602000.0
1007,3608148000,409500.0
1008,3608148100,720000.0
1009,3608148200,532000.0
1010,3608148300,691000.0
1011,3608148400,395000.0
1012,3608148500,802000.0
1013,3608148900,515500.0
1014,3608149200,406000.0
1015,360814930100,546000.0
1016,360814930200,581000.0
1017,3608149500,562000.0
1018,3608149600,347000.0
1019,3608149700,575000.0
1020,3608149900,601000.0
1021,360815000,3020500.0
1022,3608150000,443000.0
1023,360815020100,413500.0
1024,360815020200,376000.0
1025,3608150400,380000.0
1026,3608150500,687000.0
1027,3608150600,367500.0
1028,3608150700,547000.0
1029,3608150800,376000.0
1030,360815100,661000.0
1031,3608151000,369000.0
1032,3608151100,516000.0
1033,3608151200,370000.0
1034,3608151300,589000.0
1035,3608151500,536000.0
1036,3608151600,364000.0
1037,3608151700,506000.0
1038,3608151800,341000.0
1039,360815200,438000.0
1040,3608152000,355000.0
1041,3608152100,456000.0
1042,3608152200,345000.0
1043,3608152400,387000.0
1044,3608152500,495000.0
1045,3608152600,354000.0
1046,3608152800,390000.0
1047,360815300,714000.0
1048,3608153000,352000.0
1049,3608153100,481000.0
1050,3608153200,336000.0
1051,360815340100,373000.0
1052,3608153500,448500.0
1053,360815360100,369000.0
1054,3608153800,374000.0
1055,3608153900,456000.0
1056,360815400,372000.0
1057,3608154000,366000.0
1058,3608154200,376000.0
1059,3608154500,405000.0
1060,3608154700,466500.0
1061,3608154800,378000.0
1062,3608154900,465000.0
1063,360815500,687500.0
1064,3608155100,467000.0
1065,3608155200,436000.0
1066,3608155300,510000.0
1067,3608155400,380000.0
1068,3608155500,448000.0
1069,3608155600,380000.0
1070,3608155700,494000.0
1071,3608155800,390000.0
1072,3608155900,377000.0
1073,3608156000,397000.0
1074,3608156100,2244000.0
1075,3608156200,406000.0
1076,3608156400,399000.0
1077,3608156500,445000.0
1078,3608156600,401000.0
1079,3608156700,448500.0
1080,3608156800,383000.0
1081,360815700,733000.0
1082,3608157700,497500.0
1083,3608157900,590000.0
1084,360815800,394000.0
1085,3608158000,348000.0
1086,3608158100,512000.0
1087,3608158200,378500.0
1088,3608158300,598000.0
1089,3608158500,528000.0
1090,3608158700,572000.0
1091,3608158900,429000.0
1092,360815900,734000.0
1093,3608159000,352500.0
1094,3608159100,423000.0
1095,3608159200,368000.0
1096,3608159300,603000.0
1097,3608159400,378500.0
1098,3608159500,495000.0
1099,3608159600,365000.0
1100,3608159800,384000.0
1101,3608159900,494000.0
1102,36081600,373000.0
1103,3608160000,374000.0
1104,3608160100,523000.0
1105,3608160300,520000.0
1106,3608160600,370500.0
1107,360816070100,10088162.0
1108,3608160800,397000.0
1109,360816100,768500.0
1110,3608161000,377000.0
1111,3608161200,380000.0
1112,360816130100,546000.0
1113,360816130200,1532000.0
1114,3608161400,402000.0
1115,360816160100,389000.0
1116,360816160200,392000.0
1117,3608161800,411500.0
1118,3608161900,564000.0
1119,3608162000,397000.0
1120,36081620100,545500.0
1121,36081620200,511000.0
1122,3608162100,532000.0
1123,3608162200,391000.0
1124,3608162300,527000.0
1125,3608162400,12293500.0
1126,3608162500,518000.0
1127,3608162600,372500.0
1128,3608162700,506000.0
1129,3608162900,490000.0
1130,360816300,801000.0
1131,3608163000,355000.0
1132,3608163200,397000.0
1133,360816330100,502000.0
1134,360816330200,461000.0
1135,3608163500,556000.0
1136,3608163700,526000.0
1137,3608163800,369000.0
1138,3608163900,529000.0
1139,360816410100,413500.0
1140,360816410200,21410000.0
1141,3608164500,609000.0
1142,3608164600,401000.0
1143,3608165000,398000.0
1144,36081650100,815500.0
1145,36081650200,790500.0
1146,3608165400,395000.0
1147,360816550100,69738000.0
1148,3608165600,415000.0
1149,360816570200,585000.0
1150,360816570300,559000.0
1151,3608165900,533000.0
1152,3608166000,409000.0
1153,3608166100,578000.0
1154,3608166300,568000.0
1155,3608166400,375000.0
1156,360816650100,667500.0
1157,360816670100,539000.0
1158,3608166900,618000.0
1159,3608167100,545000.0
1160,3608167700,604000.0
1161,3608167900,610000.0
1162,3608168000,405000.0
1163,3608168200,390000.0
1164,3608168300,898500.0
1165,3608168700,614000.0
1166,360816900,748000.0
1167,3608169000,409500.0
1168,3608169300,644000.0
1169,3608169400,373000.0
1170,3608169500,671000.0
1171,360816970100,688000.0
1172,360816970200,828000.0
1173,36081700,645000.0
1174,3608170300,577000.0
1175,3608170700,738000.0
1176,3608170900,723500.0
1177,360817100,762500.0
1178,3608171100,680500.0
1179,360817130300,5425000.0
1180,360817130400,720500.0
1181,360817130500,701000.0
1182,360817130600,678000.0
1183,3608171600,1601000.0
1184,360817170100,832000.0
1185,360817170200,815000.0
1186,3608171900,654000.0
1187,3608172100,672000.0
1188,3608172300,1234500.0
1189,3608172900,663000.0
1190,360817300,872000.0
1191,3608173100,747000.0
1192,3608173700,1344000.0
1193,3608173900,1352000.0
1194,3608174100,1044000.0
1195,3608174300,682000.0
1196,3608174500,622000.0
1197,3608174700,721000.0
1198,3608174900,1331000.0
1199,360817500,780000.0
1200,360817570100,1200000.0
1201,360817570200,1214000.0
1202,360817690100,970000.0
1203,360817690200,1137000.0
1204,360817700,536500.0
1205,3608177300,1026500.0
1206,3608177500,971000.0
1207,360817790200,623000.0
1208,360817790300,930000.0
1209,360817790400,506000.0
1210,360817790500,644000.0
1211,360817790600,611000.0
1212,360817790700,570000.0
1213,360817790800,476000.0
1214,3608178800,315000.0
1215,360817900,569500.0
1216,3608179000,365000.0
1217,3608179200,374000.0
1218,360817970100,704500.0
1219,360817970200,911000.0
1220,3608179900,814000.0
1221,36081800,352000.0
1222,360818030100,735000.0
1223,360818030200,571000.0
1224,3608180900,574000.0
1225,360818100,606500.0
1226,3608181400,337000.0
1227,3608181800,404000.0
1228,360818300,676500.0
1229,3608183700,594000.0
1230,3608183800,422500.0
1231,3608184000,414000.0
1232,3608184500,737000.0
1233,360818460100,520000.0
1234,360818460200,439000.0
1235,3608184900,797000.0
1236,360818500,456000.0
1237,3608185300,1134000.0
1238,3608185500,2361000.0
1239,3608185700,945000.0
1240,3608185900,789000.0
1241,360818600,449000.0
1242,3608186100,772500.0
1243,3608186300,1047000.0
1244,3608186400,405500.0
1245,3608186500,1073000.0
1246,3608186900,662000.0
1247,360818700,564000.0
1248,3608187100,927500.0
1249,360818800,424000.0
1250,3608188400,397000.0
1251,360818890100,604500.0
1252,3608189200,535000.0
1253,3608190700,578000.0
1254,360819100,747000.0
1255,360819160100,3745000.0
1256,3608191800,1457000.0
1257,3608191900,556000.0
1258,3608192200,668500.0
1259,3608192500,532500.0
1260,3608192800,650000.0
1261,3608192900,554000.0
1262,360819340100,531000.0
1263,360819340200,428000.0
1264,3608193800,315406.5
1265,3608193900,545000.0
1266,360819400,392000.0
1267,360819420100,374000.0
1268,360819420200,288000.0
1269,360819420300,385000.0
1270,3608194500,689000.0
1271,3608194700,577000.0
1272,360819500,775000.0
1273,3608195400,277500.0
1274,360819600,354000.0
1275,3608196400,259900.0
1276,360819700,787000.0
1277,360819720200,3873500.0
1278,360819720300,180000.0
1279,360819720400,255000.0
1280,3608197300,713000.0
1281,360819800,407500.0
1282,3608198100,773000.0
1283,3608198700,632000.0
1284,360819900,0.0
1285,3608199100,815000.0
1286,3608199200,277000.0
1287,360819970100,684000.0
1288,360819970300,1039000.0
1289,360819970400,865000.0
1290,360819970500,955000.0
1291,360819980100,321000.0
1292,360819980200,257000.0
1293,3608199900,125663000.0
1294,360850,111000.0
1295,3608510500,348000.0
1296,360851100,306000.0
1297,360851120100,296000.0
1298,360851120200,281000.0
1299,360851140100,369000.0
1300,360851140200,388500.0
1301,3608512100,433500.0
1302,3608512200,446000.0
1303,3608512500,356000.0
1304,360851280400,292000.0
1305,360851280500,312000.0
1306,360851280600,318000.0
1307,360851320100,462000.0
1308,360851320300,440000.0
1309,360851320400,425000.0
1310,360851330100,266000.0
1311,360851330200,292000.0
1312,3608513400,447000.0
1313,3608513800,488500.0
1314,3608514100,290000.0
1315,360851460400,447500.0
1316,360851460500,437000.0
1317,360851460600,401000.0
1318,360851460700,405000.0
1319,360851460800,398000.0
1320,3608514700,439000.0
1321,3608515100,431000.0
1322,3608515400,13611000.0
1323,360851560100,424000.0
1324,360851560200,454000.0
1325,360851560300,357000.0
1326,360851690100,416000.0
1327,360851700,392000.0
1328,360851700500,480500.0
1329,360851700700,268000.0
1330,360851700800,427000.0
1331,360851700900,564000.0
1332,360851701000,332000.0
1333,360851701100,457000.0
1334,360851701200,460000.0
1335,3608517300,478000.0
1336,3608517600,637000.0
1337,3608517700,712000.0
1338,3608518100,681000.0
1339,360851870100,387500.0
1340,360851870200,419000.0
1341,360851890100,414000.0
1342,360851890200,448500.0
1343,3608519700,403000.0
1344,3608519800,528500.0
1345,36085200100,385000.0
1346,36085200200,503000.0
1347,3608520100,387000.0
1348,3608520700,264000.0
1349,360852080100,448000.0
1350,360852080300,526000.0
1351,360852080400,512000.0
1352,360852100,278000.0
1353,3608521300,286000.0
1354,3608522300,283000.0
1355,3608522600,457000.0
1356,3608522800,589500.0
1357,3608523100,282000.0
1358,3608523900,290500.0
1359,360852440100,583000.0
1360,360852440200,520000.0
1361,3608524700,303000.0
1362,3608524800,448000.0
1363,3608525100,428000.0
1364,360852700,302000.0
1365,360852730100,405000.0
1366,360852730200,471000.0
1367,360852770200,380000.0
1368,360852770400,467000.0
1369,360852770500,424000.0
1370,360852770600,454000.0
1371,3608527900,605500.0
1372,360852900,265000.0
1373,360852910200,332000.0
1374,360852910300,493000.0
1375,360852910400,384000.0
1376,36085300,364500.0
1377,360853030100,335000.0
1378,360853030200,303500.0
1379,360853190100,250000.0
1380,360853190200,250000.0
1381,3608532300,237000.0
1382,360853300,398000.0
1383,360853600,320000.0
1384,360853900,724000.0
1385,360854000,266000.0
1386,360854700,426000.0
1387,360855000,392000.0
1388,360855900,475000.0
1389,36085600,336000.0
1390,360856400,387000.0
1391,360856700,490000.0
1392,36085700,361000.0
1393,360857000,331000.0
1394,360857400,355000.0
1395,360857500,359500.0
1396,360857700,260000.0
1397,36085800,336000.0
1398,360858100,316000.0
1399,36085900,351000.0
1400,36085960100,455000.0
1401,36085960200,434000.0
1402,360859700,346500.0
1403,36085990100,401500.0
1404,36BK0,162000.0
1405,36BK100,2333000.0
1406,36BK10000,886000.0
1407,36BK100400,438000.0
1408,36BK100600,389000.0
1409,36BK100800,377000.0
1410,36BK10100,578000.0
1411,36BK101000,400500.0
1412,36BK101200,320000.0
1413,36BK101400,316000.0
1414,36BK101600,453500.0
1415,36BK101800,433000.0
1416,36BK10200,911000.0
1417,36BK102000,368000.0
1418,36BK102200,372000.0
1419,36BK102400,353000.0
1420,36BK102600,484000.0
1421,36BK102800,451000.0
1422,36BK103400,2921000.0
1423,36BK10400,884500.0
1424,36BK10580100,10152500.0
1425,36BK10580400,429000.0
1426,36BK10600,950000.0
1427,36BK107000,374000.0
1428,36BK107800,412000.0
1429,36BK10800,847000.0
1430,36BK109800,383000.0
1431,36BK1100,1739500.0
1432,36BK11000,598000.0
1433,36BK110400,390000.0
1434,36BK110600,9059500.0
1435,36BK111000,26852000.0
1436,36BK111600,404000.0
1437,36BK111800,463000.0
1438,36BK11200,836000.0
1439,36BK112000,366000.0
1440,36BK112200,388000.0
1441,36BK112400,421000.0
1442,36BK112600,350000.0
1443,36BK112800,356000.0
1444,36BK113000,359000.0
1445,36BK113200,377000.0
1446,36BK113400,392000.0
1447,36BK11400,871000.0
1448,36BK11420100,433000.0
1449,36BK11420200,430000.0
1450,36BK114400,206000.0
1451,36BK114600,390000.0
1452,36BK115000,387000.0
1453,36BK115200,381000.0
1454,36BK115600,450000.0
1455,36BK115800,389000.0
1456,36BK11600,963000.0
1457,36BK116000,357000.0
1458,36BK116200,333000.0
1459,36BK116400,325000.0
1460,36BK116600,405000.0
1461,36BK116800,378500.0
1462,36BK11700,779500.0
1463,36BK117000,407000.0
1464,36BK11720100,470000.0
1465,36BK11720200,419000.0
1466,36BK117400,425000.0
1467,36BK11760100,417000.0
1468,36BK11760200,412500.0
1469,36BK117800,422000.0
1470,36BK11800,900500.0
1471,36BK118000,1603000.0
1472,36BK11820100,433000.0
1473,36BK11820200,420500.0
1474,36BK118400,396000.0
1475,36BK118600,375000.0
1476,36BK118800,379000.0
1477,36BK11900,665000.0
1478,36BK119000,358500.0
1479,36BK119200,415000.0
1480,36BK119400,404000.0
1481,36BK119600,382000.0
1482,36BK119800,370000.0
1483,36BK12000,709500.0
1484,36BK120000,388000.0
1485,36BK120200,379000.0
1486,36BK120800,377000.0
1487,36BK12100,895000.0
1488,36BK121000,13251500.0
1489,36BK121400,15372000.0
1490,36BK12200,858500.0
1491,36BK122000,456500.0
1492,36BK123700,201500.0
1493,36BK12600,765000.0
1494,36BK12700,1077000.0
1495,36BK1280100,790000.0
1496,36BK1290100,1356000.0
1497,36BK1290200,1549000.0
1498,36BK1300,4317000.0
1499,36BK13000,765000.0
1500,36BK13100,1443000.0
1501,36BK13200,744000.0
1502,36BK13300,1569000.0
1503,36BK13400,751000.0
1504,36BK13500,1924500.0
1505,36BK13600,794000.0
1506,36BK13700,1579000.0
1507,36BK13800,823500.0
1508,36BK13900,1303500.0
1509,36BK14000,725000.0
1510,36BK14100,1079000.0
1511,36BK14200,787500.0
1512,36BK14300,736000.0
1513,36BK14500,647000.0
1514,36BK14700,720000.0
1515,36BK14800,739000.0
1516,36BK14900,1103500.0
1517,36BK1500,886000.0
1518,36BK15000,761000.0
1519,36BK150200,858000.0
1520,36BK15100,1576000.0
1521,36BK15200,675000.0
1522,36BK152200,1036500.0
1523,36BK15300,1957500.0
1524,36BK15400,27584500.0
1525,36BK15500,2181000.0
1526,36BK15700,2252500.0
1527,36BK15900,2176500.0
1528,36BK16000,762000.0
1529,36BK16100,1584000.0
1530,36BK16200,664000.0
1531,36BK16300,1234000.0
1532,36BK16400,712500.0
1533,36BK16500,2580500.0
1534,36BK16600,771500.0
1535,36BK16700,1932500.0
1536,36BK16800,712000.0
1537,36BK16900,1262000.0
1538,36BK17000,802500.0
1539,36BK17100,1257500.0
1540,36BK17200,700500.0
1541,36BK17400,604000.0
1542,36BK17600,653000.0
1543,36BK17700,39811500.0
1544,36BK17800,674000.0
1545,36BK17900,1569000.0
1546,36BK1800,917000.0
1547,36BK18000,666000.0
1548,36BK18100,1648000.0
1549,36BK18200,665000.0
1550,36BK18300,1553000.0
1551,36BK18400,694000.0
1552,36BK1850100,934000.0
1553,36BK18600,794500.0
1554,36BK18700,1047000.0
1555,36BK18800,795000.0
1556,36BK19000,756500.0
1557,36BK19100,705000.0
1558,36BK19200,685000.0
1559,36BK19300,729000.0
1560,36BK19400,740500.0
1561,36BK19500,1177500.0
1562,36BK19600,752000.0
1563,36BK19700,1342000.0
1564,36BK19800,737500.0
1565,36BK19900,1118000.0
1566,36BK200,367500.0
1567,36BK2000,454000.0
1568,36BK20000,716000.0
1569,36BK20100,1033000.0
1570,36BK20200,706000.0
1571,36BK20300,780500.0
1572,36BK20400,724000.0
1573,36BK20500,1161000.0
1574,36BK20600,749000.0
1575,36BK20700,1577000.0
1576,36BK20800,819000.0
1577,36BK2100,626000.0
1578,36BK21000,767500.0
1579,36BK21100,502000.0
1580,36BK21200,833000.0
1581,36BK21300,703000.0
1582,36BK21400,630500.0
1583,36BK21500,746500.0
1584,36BK21600,956000.0
1585,36BK21700,718000.0
1586,36BK21800,787000.0
1587,36BK21900,725500.0
1588,36BK2200,586000.0
1589,36BK22000,854000.0
1590,36BK22100,645500.0
1591,36BK22200,839500.0
1592,36BK22400,719000.0
1593,36BK22600,569000.0
1594,36BK22700,478000.0
1595,36BK22800,586000.0
1596,36BK22900,623500.0
1597,36BK2300,7848500.0
1598,36BK23000,693000.0
1599,36BK23100,952500.0
1600,36BK23200,726000.0
1601,36BK23300,478000.0
1602,36BK23400,960500.0
1603,36BK23500,309000.0
1604,36BK23600,1054000.0
1605,36BK23800,990000.0
1606,36BK24000,994500.0
1607,36BK24100,523000.0
1608,36BK24200,852000.0
1609,36BK24300,638000.0
1610,36BK24400,728000.0
1611,36BK24500,615500.0
1612,36BK24600,717000.0
1613,36BK24700,530000.0
1614,36BK24800,626000.0
1615,36BK24900,589000.0
1616,36BK25000,663000.0
1617,36BK25100,544000.0
1618,36BK25200,663000.0
1619,36BK25300,544000.0
1620,36BK25400,652000.0
1621,36BK25500,30473000.0
1622,36BK25600,682500.0
1623,36BK25700,539000.0
1624,36BK25800,773000.0
1625,36BK2590100,617000.0
1626,36BK2590200,30747000.0
1627,36BK26000,714000.0
1628,36BK26100,505000.0
1629,36BK26200,658000.0
1630,36BK26300,499000.0
1631,36BK26400,641000.0
1632,36BK26500,553000.0
1633,36BK26600,796500.0
1634,36BK26700,621500.0
1635,36BK26800,842000.0
1636,36BK26900,589000.0
1637,36BK27000,921000.0
1638,36BK27100,426000.0
1639,36BK27200,739000.0
1640,36BK27300,674000.0
1641,36BK27400,781500.0
1642,36BK27500,626000.0
1643,36BK27600,742000.0
1644,36BK27700,558000.0
1645,36BK27800,740000.0
1646,36BK27900,538000.0
1647,36BK28000,604000.0
1648,36BK28100,528500.0
1649,36BK28200,593000.0
1650,36BK28300,411000.0
1651,36BK28400,833000.0
1652,36BK2850100,275000.0
1653,36BK2850200,21403000.0
1654,36BK28600,779000.0
1655,36BK28700,529000.0
1656,36BK28800,848000.0
1657,36BK28900,470000.0
1658,36BK29000,980000.0
1659,36BK290100,8315500.0
1660,36BK29100,512500.0
1661,36BK29200,877000.0
1662,36BK29300,592000.0
1663,36BK29400,798500.0
1664,36BK29500,607000.0
1665,36BK29600,831500.0
1666,36BK29700,690000.0
1667,36BK29800,635000.0
1668,36BK29900,423000.0
1669,36BK3000,760000.0
1670,36BK30000,583000.0
1671,36BK30100,517000.0
1672,36BK30200,530000.0
1673,36BK30300,564000.0
1674,36BK30400,575500.0
1675,36BK30500,613000.0
1676,36BK30600,530000.0
1677,36BK30700,491500.0
1678,36BK30800,332000.0
1679,36BK30900,395000.0
1680,36BK3100,7267000.0
1681,36BK31100,590000.0
1682,36BK31300,696000.0
1683,36BK31400,500000.0
1684,36BK31500,643000.0
1685,36BK3170100,632000.0
1686,36BK3170200,585000.0
1687,36BK31900,667000.0
1688,36BK32100,666000.0
1689,36BK32300,617000.0
1690,36BK32500,647000.0
1691,36BK32600,321000.0
1692,36BK32700,705000.0
1693,36BK32800,309000.0
1694,36BK32900,567000.0
1695,36BK3300,1675000.0
1696,36BK33000,332000.0
1697,36BK33100,712500.0
1698,36BK33300,765000.0
1699,36BK33500,695000.0
1700,36BK33600,473000.0
1701,36BK33700,690000.0
1702,36BK33900,575000.0
1703,36BK3400,738000.0
1704,36BK34000,406000.0
1705,36BK34100,696000.0
1706,36BK34200,262000.0
1707,36BK34300,512000.0
1708,36BK34500,441500.0
1709,36BK34700,526000.0
1710,36BK34800,295000.0
1711,36BK34900,454000.0
1712,36BK3500,1558000.0
1713,36BK35000,572000.0
1714,36BK35100,563000.0
1715,36BK35200,413500.0
1716,36BK35300,558500.0
1717,36BK35400,1738000.0
1718,36BK35500,508000.0
1719,36BK3560100,61230000.0
1720,36BK3560200,2347500.0
1721,36BK35700,424000.0
1722,36BK35900,501000.0
1723,36BK3600,782000.0
1724,36BK3600100,1179000.0
1725,36BK3600200,1498000.0
1726,36BK36100,403000.0
1727,36BK36200,439000.0
1728,36BK36300,527000.0
1729,36BK36400,360000.0
1730,36BK3650100,501500.0
1731,36BK3650200,397000.0
1732,36BK36600,509000.0
1733,36BK36700,394000.0
1734,36BK36900,450000.0
1735,36BK3700,1409000.0
1736,36BK37000,486000.0
1737,36BK37100,487000.0
1738,36BK37300,478000.0
1739,36BK3740100,530000.0
1740,36BK3740200,558000.0
1741,36BK37500,446000.0
1742,36BK37700,551000.0
1743,36BK37900,516000.0
1744,36BK3800,902000.0
1745,36BK38100,537000.0
1746,36BK38200,568000.0
1747,36BK38300,562000.0
1748,36BK38500,487500.0
1749,36BK38600,529000.0
1750,36BK38700,505000.0
1751,36BK38800,583000.0
1752,36BK38900,406000.0
1753,36BK3900,1211000.0
1754,36BK39000,633500.0
1755,36BK39100,409000.0
1756,36BK39200,689000.0
1757,36BK39300,469000.0
1758,36BK39400,828500.0
1759,36BK39500,494000.0
1760,36BK39600,1049000.0
1761,36BK39700,522000.0
1762,36BK39800,578500.0
1763,36BK39900,505000.0
1764,36BK40000,613000.0
1765,36BK40100,499000.0
1766,36BK40200,558000.0
1767,36BK40300,464500.0
1768,36BK40400,670000.0
1769,36BK40500,382000.0
1770,36BK40600,780000.0
1771,36BK40700,5985000.0
1772,36BK40800,646500.0
1773,36BK40900,434000.0
1774,36BK4100,1863000.0
1775,36BK41000,589000.0
1776,36BK41100,504000.0
1777,36BK41200,639000.0
1778,36BK41300,496000.0
1779,36BK4140100,1593000.0
1780,36BK4140200,2516500.0
1781,36BK41500,505000.0
1782,36BK41600,830000.0
1783,36BK41700,463000.0
1784,36BK41800,1056500.0
1785,36BK41900,467000.0
1786,36BK42000,747000.0
1787,36BK42100,461000.0
1788,36BK42200,850000.0
1789,36BK42300,426000.0
1790,36BK42400,692000.0
1791,36BK42500,374000.0
1792,36BK42600,620000.0
1793,36BK42700,391000.0
1794,36BK42800,665000.0
1795,36BK42900,391000.0
1796,36BK4300,1398000.0
1797,36BK43000,660000.0
1798,36BK43100,391000.0
1799,36BK43200,684500.0
1800,36BK43300,420000.0
1801,36BK43400,673500.0
1802,36BK43500,505000.0
1803,36BK43600,662000.0
1804,36BK43700,513000.0
1805,36BK43800,850000.0
1806,36BK43900,464000.0
1807,36BK4400,1055000.0
1808,36BK44000,859000.0
1809,36BK44100,491000.0
1810,36BK44200,1140000.0
1811,36BK44300,460000.0
1812,36BK44400,827000.0
1813,36BK44500,460000.0
1814,36BK44600,739000.0
1815,36BK44700,482000.0
1816,36BK44800,706500.0
1817,36BK44900,700000.0
1818,36BK4500,2172000.0
1819,36BK45000,759000.0
1820,36BK45200,1069000.0
1821,36BK45300,439500.0
1822,36BK45400,781000.0
1823,36BK45600,1361000.0
1824,36BK45800,2268500.0
1825,36BK4600,1287000.0
1826,36BK46000,760000.0
1827,36BK4620100,667000.0
1828,36BK4620200,757000.0
1829,36BK46400,709000.0
1830,36BK46800,727500.0
1831,36BK4700,635000.0
1832,36BK47000,850000.0
1833,36BK47200,921000.0
1834,36BK47400,948000.0
1835,36BK47600,890000.0
1836,36BK47700,827500.0
1837,36BK47800,662500.0
1838,36BK48000,708000.0
1839,36BK48100,685000.0
1840,36BK48200,615500.0
1841,36BK48400,757000.0
1842,36BK48500,613000.0
1843,36BK48600,589000.0
1844,36BK48800,711000.0
1845,36BK48900,7563000.0
1846,36BK4900,1415000.0
1847,36BK49000,756000.0
1848,36BK49100,623000.0
1849,36BK49200,581000.0
1850,36BK49300,747000.0
1851,36BK49400,810000.0
1852,36BK49500,825000.0
1853,36BK49600,703000.0
1854,36BK49700,696000.0
1855,36BK49800,769500.0
1856,36BK49900,774000.0
1857,36BK5000,901000.0
1858,36BK50000,834000.0
1859,36BK50100,1039500.0
1860,36BK50200,2142000.0
1861,36BK5020200,936000.0
1862,36BK50300,806000.0
1863,36BK50400,705000.0
1864,36BK50500,646000.0
1865,36BK50600,765000.0
1866,36BK50700,183000.0
1867,36BK5080100,745000.0
1868,36BK5080300,661000.0
1869,36BK5080400,1094000.0
1870,36BK50900,211000.0
1871,36BK5100,545000.0
1872,36BK5100100,886000.0
1873,36BK5100200,775000.0
1874,36BK51100,623000.0
1875,36BK51200,1385500.0
1876,36BK51300,784000.0
1877,36BK51400,1010000.0
1878,36BK51500,537000.0
1879,36BK5160100,578000.0
1880,36BK5160200,573500.0
1881,36BK51700,957000.0
1882,36BK51800,1324500.0
1883,36BK51900,700000.0
1884,36BK52000,880000.0
1885,36BK520100,912000.0
1886,36BK520200,948000.0
1887,36BK52300,799000.0
1888,36BK52500,656000.0
1889,36BK52600,816500.0
1890,36BK52700,824000.0
1891,36BK52800,952000.0
1892,36BK52900,717000.0
1893,36BK5300,367000.0
1894,36BK53000,659500.0
1895,36BK53100,284000.0
1896,36BK53200,554000.0
1897,36BK53300,730000.0
1898,36BK53400,656000.0
1899,36BK53500,302000.0
1900,36BK53700,482500.0
1901,36BK53800,596500.0
1902,36BK53900,922000.0
1903,36BK5400,774000.0
1904,36BK54200,713000.0
1905,36BK54300,458500.0
1906,36BK54400,690000.0
1907,36BK54500,619000.0
1908,36BK54600,726000.0
1909,36BK54700,581000.0
1910,36BK54800,840000.0
1911,36BK54900,556500.0
1912,36BK55000,808000.0
1913,36BK55100,802500.0
1914,36BK55200,653000.0
1915,36BK55300,779000.0
1916,36BK55400,685000.0
1917,36BK55500,585000.0
1918,36BK55600,783000.0
1919,36BK55700,809000.0
1920,36BK55800,636000.0
1921,36BK56000,717500.0
1922,36BK560100,851500.0
1923,36BK560200,808000.0
1924,36BK56100,789000.0
1925,36BK56200,700000.0
1926,36BK56300,697000.0
1927,36BK56400,601000.0
1928,36BK56500,1027000.0
1929,36BK56600,438000.0
1930,36BK56800,438000.0
1931,36BK56900,644000.0
1932,36BK57000,400000.0
1933,36BK57100,702000.0
1934,36BK57200,24513500.0
1935,36BK57300,706000.0
1936,36BK57400,425000.0
1937,36BK57500,627000.0
1938,36BK57600,613000.0
1939,36BK57800,630000.0
1940,36BK57900,472500.0
1941,36BK5800,763000.0
1942,36BK58000,663000.0
1943,36BK58200,696000.0
1944,36BK58400,507000.0
1945,36BK58600,497000.0
1946,36BK58800,512500.0
1947,36BK58900,760500.0
1948,36BK5900,447500.0
1949,36BK59000,487000.0
1950,36BK59100,791000.0
1951,36BK59200,507000.0
1952,36BK59300,737500.0
1953,36BK5940100,547000.0
1954,36BK5940200,503000.0
1955,36BK59600,478000.0
1956,36BK59800,473000.0
1957,36BK6000,783500.0
1958,36BK60000,522500.0
1959,36BK60600,471825.0
1960,36BK60800,408000.0
1961,36BK6100200,1187000.0
1962,36BK6100300,427000.0
1963,36BK6100400,588000.0
1964,36BK61200,1018500.0
1965,36BK61600,887000.0
1966,36BK6200,860000.0
1967,36BK62000,1136865.0
1968,36BK62200,291000.0
1969,36BK62600,426000.0
1970,36BK62800,300000.0
1971,36BK6300,1096000.0
1972,36BK63200,416500.0
1973,36BK63600,442000.0
1974,36BK63800,496000.0
1975,36BK6400,825000.0
1976,36BK64000,577000.0
1977,36BK64200,768000.0
1978,36BK64400,555000.0
1979,36BK64600,468000.0
1980,36BK64800,534000.0
1981,36BK6500,1349000.0
1982,36BK65000,419000.0
1983,36BK65200,513000.0
1984,36BK65400,494500.0
1985,36BK65600,448000.0
1986,36BK65800,404000.0
1987,36BK6600,799000.0
1988,36BK66000,411000.0
1989,36BK66200,414000.0
1990,36BK66600,45047000.0
1991,36BK6700,1768000.0
1992,36BK67000,395000.0
1993,36BK67200,429500.0
1994,36BK67400,424000.0
1995,36BK67600,434500.0
1996,36BK67800,469000.0
1997,36BK6800,779500.0
1998,36BK68000,364000.0
1999,36BK68200,376000.0
2000,36BK68600,405000.0
2001,36BK68800,336000.0
2002,36BK6900,1506000.0
2003,36BK69000,383500.0
2004,36BK69200,381000.0
2005,36BK6960100,598000.0
2006,36BK6960200,509000.0
2007,36BK69800,380000.0
2008,36BK700,2427500.0
2009,36BK7000,790000.0
2010,36BK70000,460500.0
2011,36BK7020100,705000.0
2012,36BK7020200,4614500.0
2013,36BK7020300,80280000.0
2014,36BK70600,546000.0
2015,36BK7100,1220000.0
2016,36BK7200,767000.0
2017,36BK72000,512000.0
2018,36BK72200,432500.0
2019,36BK72400,429000.0
2020,36BK72600,422000.0
2021,36BK72800,444000.0
2022,36BK73000,463000.0
2023,36BK73200,434000.0
2024,36BK73400,428500.0
2025,36BK73600,420500.0
2026,36BK73800,490000.0
2027,36BK7400,815000.0
2028,36BK74000,465500.0
2029,36BK74200,516500.0
2030,36BK74400,573000.0
2031,36BK74600,541000.0
2032,36BK74800,779500.0
2033,36BK7500,1268000.0
2034,36BK75000,669000.0
2035,36BK75200,1157000.0
2036,36BK75400,899000.0
2037,36BK75600,818000.0
2038,36BK75800,917000.0
2039,36BK7600,690000.0
2040,36BK76000,904000.0
2041,36BK76200,893000.0
2042,36BK76400,964000.0
2043,36BK76600,775000.0
2044,36BK76800,657000.0
2045,36BK7700,1249000.0
2046,36BK77000,687000.0
2047,36BK77200,848000.0
2048,36BK77400,615000.0
2049,36BK77600,416500.0
2050,36BK7800,719000.0
2051,36BK78000,399000.0
2052,36BK78200,383000.0
2053,36BK78400,466500.0
2054,36BK78600,519500.0
2055,36BK78800,438000.0
2056,36BK79000,497500.0
2057,36BK79200,443500.0
2058,36BK79400,509000.0
2059,36BK7960100,757000.0
2060,36BK7960200,662000.0
2061,36BK7980100,1153000.0
2062,36BK7980200,949000.0
2063,36BK8000,702000.0
2064,36BK80000,846000.0
2065,36BK80200,676000.0
2066,36BK80400,498500.0
2067,36BK80600,273000.0
2068,36BK80800,3199500.0
2069,36BK81000,469000.0
2070,36BK81400,416000.0
2071,36BK81600,432000.0
2072,36BK81800,463000.0
2073,36BK8200,707000.0
2074,36BK82000,532000.0
2075,36BK82200,594500.0
2076,36BK82400,471000.0
2077,36BK82600,464000.0
2078,36BK82800,485000.0
2079,36BK83000,467000.0
2080,36BK83200,400000.0
2081,36BK83400,389000.0
2082,36BK83600,425000.0
2083,36BK83800,393000.0
2084,36BK8400,602000.0
2085,36BK84000,422500.0
2086,36BK84600,412000.0
2087,36BK84800,414500.0
2088,36BK8500,6017000.0
2089,36BK85000,395000.0
2090,36BK85200,34572500.0
2091,36BK85400,377000.0
2092,36BK85600,399000.0
2093,36BK85800,358000.0
2094,36BK8600,26293000.0
2095,36BK86000,387500.0
2096,36BK86200,434000.0
2097,36BK86400,404000.0
2098,36BK86600,432000.0
2099,36BK86800,420000.0
2100,36BK87000,416500.0
2101,36BK87200,389000.0
2102,36BK8740100,463000.0
2103,36BK87600,337000.0
2104,36BK87800,410000.0
2105,36BK8800,723000.0
2106,36BK88000,405000.0
2107,36BK88200,408000.0
2108,36BK88400,126000.0
2109,36BK88600,365000.0
2110,36BK88800,493000.0
2111,36BK89000,126000.0
2112,36BK89200,257000.0
2113,36BK89400,349000.0
2114,36BK89600,261000.0
2115,36BK89800,366000.0
2116,36BK900,2354000.0
2117,36BK9000,470000.0
2118,36BK90000,403000.0
2119,36BK90200,381000.0
2120,36BK90600,339000.0
2121,36BK90800,204000.0
2122,36BK91000,486000.0
2123,36BK91200,1729000.0
2124,36BK91600,430500.0
2125,36BK91800,261000.0
2126,36BK9200,717000.0
2127,36BK92000,258000.0
2128,36BK92200,332000.0
2129,36BK92400,391000.0
2130,36BK92800,485000.0
2131,36BK93000,430000.0
2132,36BK93200,433500.0
2133,36BK93400,392000.0
2134,36BK93600,423000.0
2135,36BK93800,452000.0
2136,36BK9400,869000.0
2137,36BK9440100,478000.0
2138,36BK9440200,16131000.0
2139,36BK94600,424000.0
2140,36BK95000,471000.0
2141,36BK95400,504000.0
2142,36BK95600,445000.0
2143,36BK95800,448000.0
2144,36BK9600,826000.0
2145,36BK96000,373000.0
2146,36BK96200,452000.0
2147,36BK96400,464000.0
2148,36BK96600,467000.0
2149,36BK96800,451000.0
2150,36BK97000,451000.0
2151,36BK97400,419000.0
2152,36BK9800,834000.0
2153,36BK98200,9380000.0
2154,36BK98400,407000.0
2155,36BK98600,366000.0
2156,36BK98800,383000.0
2157,36BK99000,395500.0
2158,36BK99200,444000.0
2159,36BK99400,400000.0
2160,36BK99600,405043.0
2161,36BK99800,451000.0
