,ZIPCODE,Normalized Score,GEOID,NameofArea,QualifyingName,AbbreviationUSPS,SummaryLevel,GeographicComponent,FileIdentification,LogicalRecordNumber,ZipCode3,ZipCode5,GeographicIdentifier,PopulationDensity,AreaLand,TotalPopulation,Median Age,MinorityPercentage,PercentageUnemoployment,MedianhouseholdIncome,HouseholdsGiniIndex
0,10001,0.955859475,10010001,10001 ZCTA5,10001 ZCTA5,us,860,0,ACSSF,13039,100,10001,86000US10001,35349.6,0.6213932,21966,34.7,36.52462897,9.099149352,81671.0,0.6121
1,10002,0.863229719,10010002,10002 ZCTA5,10002 ZCTA5,us,860,0,ACSSF,13040,100,10002,86000US10002,93461.17,0.8794134,82191,39.8,68.91995474,11.62639452,33218.0,0.5622
2,10003,0.927280604,10010003,10003 ZCTA5,10003 ZCTA5,us,860,0,ACSSF,13041,100,10003,86000US10003,99418.49,0.5764521,57310,32.3,22.40446693,6.751284212,92540.0,0.5483
3,10004,0.936242687,10010004,10004 ZCTA5,10004 ZCTA5,us,860,0,ACSSF,13042,100,10004,86000US10004,5014.745,0.5597493,2807,33.1,20.16387602,9.260099864,129313.0,0.4942
4,10005,0.983888889,10010005,10005 ZCTA5,10005 ZCTA5,us,860,0,ACSSF,13043,100,10005,86000US10005,92791.04,0.07352003,6822,28.6,25.57900909,3.93982808,124670.0,0.4846
5,10007,0.973774767,10010007,10007 ZCTA5,10007 ZCTA5,us,860,0,ACSSF,13045,100,10007,86000US10007,39918.16,0.1634595,6525,34.0,29.8697318,4.763130793,216037.0,0.5071
6,10009,0.9078130870000001,10010009,10009 ZCTA5,10009 ZCTA5,us,860,0,ACSSF,13046,100,10009,86000US10009,101865.2,0.6165994,62810,36.3,40.23244706,7.145720317,59929.0,0.5238
7,10010,0.953302118,10010010,10010 ZCTA5,10010 ZCTA5,us,860,0,ACSSF,13047,100,10010,86000US10010,78507.05,0.3906655,30670,35.1,28.85555918,8.134736408,97955.0,0.5316
8,10011,0.9460981390000001,10010011,10011 ZCTA5,10011 ZCTA5,us,860,0,ACSSF,13048,100,10011,86000US10011,79233.23,0.6583979999999999,52167,39.7,22.01391684,6.395634379,104238.0,0.5801
9,10012,0.9376608059999999,10010012,10012 ZCTA5,10012 ZCTA5,us,860,0,ACSSF,13049,100,10012,86000US10012,80873.23,0.3232837,26145,34.1,24.6854083,5.115301665,86594.0,0.5297
10,10013,0.885107166,10010013,10013 ZCTA5,10013 ZCTA5,us,860,0,ACSSF,13050,100,10013,86000US10013,47193.77,0.5522975,26065,36.4,43.87876463,6.054741498,83725.0,0.6524
11,10014,0.928509845,10010014,10014 ZCTA5,10014 ZCTA5,us,860,0,ACSSF,13051,100,10014,86000US10014,53727.76,0.5694821,30597,36.7,12.11229859,7.074297903,108483.0,0.5213
12,10016,0.89071617,10010016,10016 ZCTA5,10016 ZCTA5,us,860,0,ACSSF,13052,100,10016,86000US10016,96201.5,0.5321746,51196,32.8,25.10938355,5.424030232,105324.0,0.5124
13,10017,0.961453947,10010017,10017 ZCTA5,10017 ZCTA5,us,860,0,ACSSF,13053,100,10017,86000US10017,50381.49,0.3201374,16129,37.2,23.37404675,4.209495839,100652.0,0.5157
14,10018,0.991699605,10010018,10018 ZCTA5,10018 ZCTA5,us,860,0,ACSSF,13054,100,10018,86000US10018,21819.63,0.32177449999999996,7021,30.9,41.24768551,5.274062912,104635.0,0.4921
15,10019,0.812148348,10010019,10019 ZCTA5,10019 ZCTA5,us,860,0,ACSSF,13055,100,10019,86000US10019,56459.61,0.6800259,38394,38.8,27.38188259,6.761930031,84424.0,0.5531
16,10021,0.47541258799999997,10010021,10021 ZCTA5,10021 ZCTA5,us,860,0,ACSSF,13057,100,10021,86000US10021,105558.0,0.38710490000000003,40862,42.7,11.49968186,4.59909473,107907.0,0.589
17,10022,0.949917905,10010022,10022 ZCTA5,10022 ZCTA5,us,860,0,ACSSF,13058,100,10022,86000US10022,67873.23,0.4363723,29618,45.3,14.70389628,6.518185533,109019.0,0.5847
18,10023,0.949390205,10010023,10023 ZCTA5,10023 ZCTA5,us,860,0,ACSSF,13059,100,10023,86000US10023,125003.2,0.49050730000000003,61315,41.3,17.34812036,6.057834566,103534.0,0.5743
19,10024,0.963331339,10010024,10024 ZCTA5,10024 ZCTA5,us,860,0,ACSSF,13060,100,10024,86000US10024,68967.46,0.8578538,59164,41.8,19.01156108,5.549324211,109956.0,0.5711
20,10025,0.915244618,10010025,10025 ZCTA5,10025 ZCTA5,us,860,0,ACSSF,13061,100,10025,86000US10025,129571.4,0.7516316999999999,97390,38.2,34.27867338,8.671654381,68516.0,0.5748
21,10026,0.8848316970000001,10010026,10026 ZCTA5,10026 ZCTA5,us,860,0,ACSSF,13062,100,10026,86000US10026,113954.1,0.3323355,37871,33.6,76.66552243,8.282258502,43107.0,0.5473
22,10027,0.896109753,10010027,10027 ZCTA5,10027 ZCTA5,us,860,0,ACSSF,13063,100,10027,86000US10027,71852.31,0.8714681000000001,62617,30.7,71.53808071,7.636775426,37872.0,0.579
23,10028,0.8642732259999999,10010028,10028 ZCTA5,10028 ZCTA5,us,860,0,ACSSF,13064,100,10028,86000US10028,140990.3,0.31417059999999997,44295,40.3,10.93351394,5.610514909,104638.0,0.5741
24,10029,0.888763484,10010029,10029 ZCTA5,10029 ZCTA5,us,860,0,ACSSF,13065,100,10029,86000US10029,93874.63,0.8250791,77454,33.5,64.93660753,12.89303035,31888.0,0.5993
25,10030,0.85664639,10010030,10030 ZCTA5,10030 ZCTA5,us,860,0,ACSSF,13066,100,10030,86000US10030,102070.2,0.2789453,28472,34.0,84.89393088,14.85374455,31925.0,0.557
26,10031,0.887526202,10010031,10031 ZCTA5,10031 ZCTA5,us,860,0,ACSSF,13067,100,10031,86000US10031,90800.1,0.6507921999999999,59092,33.0,72.48358492,11.48323865,37655.0,0.53
27,10032,0.8534398190000001,10010032,10032 ZCTA5,10032 ZCTA5,us,860,0,ACSSF,13068,100,10032,86000US10032,90306.65,0.657471,59374,34.5,71.48415131,16.09792285,34568.0,0.4818
28,10033,0.881425494,10010033,10033 ZCTA5,10033 ZCTA5,us,860,0,ACSSF,13069,100,10033,86000US10033,97114.56,0.6045437,58710,35.9,58.89967638,15.8127634,41556.0,0.5077
29,10034,0.897624656,10010034,10034 ZCTA5,10034 ZCTA5,us,860,0,ACSSF,13070,100,10034,86000US10034,36854.17,1.126331,41510,36.5,63.78944833,16.20416667,41171.0,0.4665
30,10035,0.899026944,10010035,10035 ZCTA5,10035 ZCTA5,us,860,0,ACSSF,13071,100,10035,86000US10035,23984.61,1.3962290000000002,33488,34.2,78.89094601,13.01860891,24533.0,0.575
31,10036,0.953560493,10010036,10036 ZCTA5,10036 ZCTA5,us,860,0,ACSSF,13072,100,10036,86000US10036,52182.9,0.443287,23132,38.2,33.71519972,10.2344065,66599.0,0.5382
32,10037,0.84467691,10010037,10037 ZCTA5,10037 ZCTA5,us,860,0,ACSSF,13073,100,10037,86000US10037,65825.32,0.2639866,17377,37.6,91.60384416,11.75670664,37341.0,0.4722
33,10038,0.9156080090000001,10010038,10038 ZCTA5,10038 ZCTA5,us,860,0,ACSSF,13074,100,10038,86000US10038,67481.89,0.2975909,20082,32.4,49.84563291,5.363984674,66074.0,0.599
34,10039,0.892463896,10010039,10039 ZCTA5,10039 ZCTA5,us,860,0,ACSSF,13075,100,10039,86000US10039,57392.18,0.463077,26577,33.3,85.91639387,22.52628324,33595.0,0.4971
35,10040,0.8938517570000001,10010040,10040 ZCTA5,10040 ZCTA5,us,860,0,ACSSF,13076,100,10040,86000US10040,118931.3,0.37689829999999996,44825,37.0,60.73173452,13.69117707,42721.0,0.4849
36,10065,0.9385687159999999,10010065,10065 ZCTA5,10065 ZCTA5,us,860,0,ACSSF,13078,100,10065,86000US10065,84897.65,0.38631220000000005,32797,38.9,13.66283502,5.119002645,115519.0,0.5694
37,10128,0.9108776279999999,10110128,10128 ZCTA5,10128 ZCTA5,us,860,0,ACSSF,13087,101,10128,86000US10128,127735.4,0.4706682,60121,38.8,17.44648293,5.807407407,96296.0,0.5626
38,10280,0.987554113,10210280,10280 ZCTA5,10280 ZCTA5,us,860,0,ACSSF,13106,102,10280,86000US10280,62718.66,0.1384756,8685,37.9,30.39723661,5.479924177,129574.0,0.4223
39,10301,0.936968061,10310301,10301 ZCTA5,10301 ZCTA5,us,860,0,ACSSF,13108,103,10301,86000US10301,10627.23,3.6589970000000003,38885,34.7,39.43422914,8.90353572,56848.0,0.4773
40,10302,0.9345079209999999,10310302,10302 ZCTA5,10302 ZCTA5,us,860,0,ACSSF,13109,103,10302,86000US10302,14075.08,1.19438,16811,34.0,38.73654155,9.007832898,56841.0,0.4726
41,10303,0.9644841609999999,10310303,10303 ZCTA5,10303 ZCTA5,us,860,0,ACSSF,13110,103,10303,86000US10303,7821.156999999999,3.13726,24537,31.1,60.26001549,9.163717638,51537.0,0.4642
42,10304,0.915968844,10310304,10304 ZCTA5,10304 ZCTA5,us,860,0,ACSSF,13111,103,10304,86000US10304,11119.02,3.874802,43084,34.8,52.47655742,8.239513799,53168.0,0.4982
43,10305,0.9216307140000001,10310305,10305 ZCTA5,10305 ZCTA5,us,860,0,ACSSF,13112,103,10305,86000US10305,9879.686,4.251755,42006,39.9,22.62533924,8.203365483,70758.0,0.4316
44,10306,0.916216163,10310306,10306 ZCTA5,10306 ZCTA5,us,860,0,ACSSF,13113,103,10306,86000US10306,7480.454000000001,7.473075,55902,41.4,12.07112447,7.810107198,75807.0,0.4291
45,10307,0.9433048,10310307,10307 ZCTA5,10307 ZCTA5,us,860,0,ACSSF,13114,103,10307,86000US10307,7557.2480000000005,1.9622220000000001,14829,37.4,6.183828984,6.07001694,86457.0,0.4263
46,10308,0.869989142,10310308,10308 ZCTA5,10308 ZCTA5,us,860,0,ACSSF,13115,103,10308,86000US10308,14666.18,1.973179,28939,42.6,4.381630326,7.147669092,88075.0,0.40299999999999997
47,10309,0.9350136059999999,10310309,10309 ZCTA5,10309 ZCTA5,us,860,0,ACSSF,13116,103,10309,86000US10309,4858.7390000000005,6.7190270000000005,32646,38.5,8.49414936,5.291281116,86297.0,0.4058
48,10310,0.945712738,10310310,10310 ZCTA5,10310 ZCTA5,us,860,0,ACSSF,13117,103,10310,86000US10310,14050.65,1.7954330000000003,25227,34.1,42.13342847,13.0572189,61925.0,0.473
49,10312,0.914415874,10310312,10312 ZCTA5,10312 ZCTA5,us,860,0,ACSSF,13119,103,10312,86000US10312,7824.309,7.678761,60081,41.2,7.171984488,7.89796663,85324.0,0.3988
50,10314,0.9437825240000001,10310314,10314 ZCTA5,10314 ZCTA5,us,860,0,ACSSF,13120,103,10314,86000US10314,6363.721,13.714620000000002,87276,41.0,22.51592649,6.612440191,77242.0,0.4088
51,10451,0.9405594820000001,10410451,10451 ZCTA5,10451 ZCTA5,us,860,0,ACSSF,13121,104,10451,86000US10451,46379.59,1.014865,47069,31.2,82.8592067,17.85803114,26754.0,0.4674
52,10452,0.889329878,10410452,10452 ZCTA5,10452 ZCTA5,us,860,0,ACSSF,13122,104,10452,86000US10452,76101.62,0.9846176999999999,74931,30.4,84.68324192,16.68537003,25979.0,0.4575
53,10453,0.891371013,10410453,10453 ZCTA5,10453 ZCTA5,us,860,0,ACSSF,13123,104,10453,86000US10453,87110.88,0.9159934999999999,79793,30.7,88.60802326,20.79742226,25470.0,0.4687
54,10454,0.8754392190000001,10410454,10454 ZCTA5,10454 ZCTA5,us,860,0,ACSSF,13124,104,10454,86000US10454,36541.09,1.042361,38089,29.3,67.38690961,15.0601586,20232.0,0.5075
55,10455,0.91402353,10410455,10455 ZCTA5,10455 ZCTA5,us,860,0,ACSSF,13125,104,10455,86000US10455,54166.66,0.7121724,38576,28.7,81.96028619,18.12610028,22609.0,0.4691
56,10456,0.8829455629999999,10410456,10456 ZCTA5,10456 ZCTA5,us,860,0,ACSSF,13126,104,10456,86000US10456,86133.38,1.0184549999999999,87723,30.3,89.64581695,18.26681247,23452.0,0.4789
57,10457,0.885469449,10410457,10457 ZCTA5,10457 ZCTA5,us,860,0,ACSSF,13127,104,10457,86000US10457,66223.05,1.061292,70282,29.0,85.24800091,17.43185822,24949.0,0.4926
58,10458,0.875987457,10410458,10458 ZCTA5,10458 ZCTA5,us,860,0,ACSSF,13128,104,10458,86000US10458,74192.66,1.008981,74859,29.2,79.15815066,15.59250302,24618.0,0.5035
59,10459,0.938654194,10410459,10459 ZCTA5,10459 ZCTA5,us,860,0,ACSSF,13129,104,10459,86000US10459,58725.94,0.8169644,47977,28.6,86.7895033,14.78191062,24461.0,0.4889
60,10460,0.8978641690000001,10410460,10460 ZCTA5,10460 ZCTA5,us,860,0,ACSSF,13130,104,10460,86000US10460,42633.86,1.31548,56084,30.0,86.83938378,19.30395387,22307.0,0.4947
61,10461,0.933982875,10410461,10461 ZCTA5,10461 ZCTA5,us,860,0,ACSSF,13131,104,10461,86000US10461,21557.02,2.399682,51730,38.2,49.39300213,12.56570056,52347.0,0.4351
62,10462,0.9343535629999999,10410462,10462 ZCTA5,10462 ZCTA5,us,860,0,ACSSF,13132,104,10462,86000US10462,52277.64,1.4799639999999998,77369,35.3,76.94425416,12.0257732,45864.0,0.4246
63,10463,0.910593102,10410463,10463 ZCTA5,10463 ZCTA5,us,860,0,ACSSF,13133,104,10463,86000US10463,48696.15,1.44611,70420,38.8,55.61488214,10.52408412,54258.0,0.4828
64,10464,0.623323239,10410464,10464 ZCTA5,10464 ZCTA5,us,860,0,ACSSF,13134,104,10464,86000US10464,1212.9560000000001,3.502189,4248,48.7,19.23258004,4.63003029,70078.0,0.4045
65,10465,0.8974806340000001,10410465,10465 ZCTA5,10465 ZCTA5,us,860,0,ACSSF,13135,104,10465,86000US10465,13080.52,3.429679,44862,40.1,36.09959431,9.852598914,65450.0,0.4447
66,10466,0.92462166,10410466,10466 ZCTA5,10466 ZCTA5,us,860,0,ACSSF,13136,104,10466,86000US10466,34986.47,2.01818,70609,35.9,92.36216346,11.55906971,44012.0,0.4427
67,10467,0.918613463,10410467,10467 ZCTA5,10467 ZCTA5,us,860,0,ACSSF,13137,104,10467,86000US10467,42376.04,2.330421,98754,32.4,81.33645219,16.00538562,36048.0,0.4694
68,10468,0.85815689,10410468,10468 ZCTA5,10468 ZCTA5,us,860,0,ACSSF,13138,104,10468,86000US10468,66796.39,1.075238,71822,32.0,86.81184038,17.70049953,33776.0,0.4436
69,10469,0.907200439,10410469,10469 ZCTA5,10469 ZCTA5,us,860,0,ACSSF,13139,104,10469,86000US10469,29007.29,2.476722,71843,36.2,80.2987069,17.63772513,57776.0,0.4346
70,10470,0.928479178,10410470,10470 ZCTA5,10470 ZCTA5,us,860,0,ACSSF,13140,104,10470,86000US10470,10423.26,1.424698,14850,36.2,52.94949495,12.61969065,58600.0,0.3856
71,10471,0.8681401790000001,10410471,10471 ZCTA5,10471 ZCTA5,us,860,0,ACSSF,13141,104,10471,86000US10471,8532.369,2.5819330000000003,22030,43.6,27.43985474,8.038525653,71798.0,0.5008
72,10472,0.908072665,10410472,10472 ZCTA5,10472 ZCTA5,us,860,0,ACSSF,13142,104,10472,86000US10472,65584.59,1.0505209999999998,68898,30.4,85.04165578,14.11514991,30288.0,0.4759
73,10473,0.9140003879999999,10410473,10473 ZCTA5,10473 ZCTA5,us,860,0,ACSSF,13143,104,10473,86000US10473,26910.97,2.17978,58660,36.1,77.56904194,11.19678715,35866.0,0.4809
74,10474,0.920626215,10410474,10474 ZCTA5,10474 ZCTA5,us,860,0,ACSSF,13144,104,10474,86000US10474,8165.422,1.533172,12519,29.1,68.99113348,18.16275168,25676.0,0.4471
75,10475,0.895417747,10410475,10475 ZCTA5,10475 ZCTA5,us,860,0,ACSSF,13145,104,10475,86000US10475,25087.4,1.723216,43231,46.5,82.04529157,12.6178286,43629.0,0.4437
76,11003,0.912543167,11011003,11003 ZCTA5,11003 ZCTA5,us,860,0,ACSSF,13286,110,11003,86000US11003,10564.21,4.1402980000000005,43739,36.5,77.11881845,9.543635555,85672.0,0.3783
77,11004,0.912288463,11011004,11004 ZCTA5,11004 ZCTA5,us,860,0,ACSSF,13287,110,11004,86000US11004,15261.29,0.950116,14500,40.9,55.15862069,8.429326467,81709.0,0.4079
78,11101,0.94054357,11111101,11101 ZCTA5,11101 ZCTA5,us,860,0,ACSSF,13299,111,11101,86000US11101,9764.101999999999,2.615397,25537,34.0,49.50464033,11.13745728,47142.0,0.4959
79,11102,0.897556465,11111102,11102 ZCTA5,11102 ZCTA5,us,860,0,ACSSF,13300,111,11102,86000US11102,42745.13,0.8077879,34529,32.3,43.52573199,9.260302262,49924.0,0.4527
80,11103,0.8659506709999999,11111103,11103 ZCTA5,11103 ZCTA5,us,860,0,ACSSF,13301,111,11103,86000US11103,53081.57,0.7110755,37745,34.9,22.76857862,9.15617908,55129.0,0.4253
81,11104,0.845918098,11111104,11104 ZCTA5,11104 ZCTA5,us,860,0,ACSSF,13302,111,11104,86000US11104,65971.95,0.3899991,25729,37.3,37.61514245,6.643771464,56059.0,0.4294
82,11105,0.887331065,11111105,11105 ZCTA5,11105 ZCTA5,us,860,0,ACSSF,13303,111,11105,86000US11105,22175.91,1.631951,36190,35.3,21.54462559,9.288107961,57525.0,0.4393
83,11106,0.890828073,11111106,11106 ZCTA5,11106 ZCTA5,us,860,0,ACSSF,13304,111,11106,86000US11106,43017.97,0.8570603000000001,36869,36.5,39.20637934,11.92209765,48720.0,0.4793
84,11201,0.8962725029999999,11211201,11201 ZCTA5,11201 ZCTA5,us,860,0,ACSSF,13306,112,11201,86000US11201,38471.77,1.42099,54668,35.2,33.63210653,7.569733208,95369.0,0.5413
85,11203,0.8813987120000001,11211203,11203 ZCTA5,11203 ZCTA5,us,860,0,ACSSF,13307,112,11203,86000US11203,37086.12,2.1456009999999996,79572,38.3,95.81511084,12.64359186,48400.0,0.4367
86,11204,0.8061348709999999,11211204,11204 ZCTA5,11204 ZCTA5,us,860,0,ACSSF,13308,112,11204,86000US11204,50953.84,1.588948,80963,33.6,32.36663661,9.693749126,45472.0,0.4632
87,11205,0.88618348,11211205,11205 ZCTA5,11205 ZCTA5,us,860,0,ACSSF,13309,112,11205,86000US11205,45283.84,0.9496101999999998,43002,29.3,52.56732245,12.09098949,44688.0,0.5452
88,11206,0.8587072920000001,11211206,11206 ZCTA5,11206 ZCTA5,us,860,0,ACSSF,13310,112,11206,86000US11206,56833.41,1.434456,81525,28.5,55.34866605,14.11128457,28559.0,0.5056
89,11207,0.876228973,11211207,11207 ZCTA5,11207 ZCTA5,us,860,0,ACSSF,13311,112,11207,86000US11207,34629.88,2.6708439999999998,92491,30.7,85.68833724,15.08697284,32945.0,0.4931
90,11208,0.850698273,11211208,11208 ZCTA5,11208 ZCTA5,us,860,0,ACSSF,13312,112,11208,86000US11208,26939.11,3.4562019999999998,93107,30.5,66.97455616,12.09543137,35079.0,0.5083
91,11209,0.859163157,11211209,11209 ZCTA5,11209 ZCTA5,us,860,0,ACSSF,13313,112,11209,86000US11209,33588.78,2.162121,72623,39.0,22.88118089,9.17354254,58261.0,0.479
92,11210,0.8791809909999999,11211210,11210 ZCTA5,11210 ZCTA5,us,860,0,ACSSF,13314,112,11210,86000US11210,39792.05,1.6410810000000002,65302,34.9,66.59367248,8.649315328,55429.0,0.4557
93,11211,0.91812039,11211211,11211 ZCTA5,11211 ZCTA5,us,860,0,ACSSF,13315,112,11211,86000US11211,40581.32,2.2983729999999998,93271,29.7,17.45022569,6.906888022,46848.0,0.5275
94,11212,0.892149225,11211212,11212 ZCTA5,11212 ZCTA5,us,860,0,ACSSF,13316,112,11212,86000US11212,54956.94,1.537931,84520,31.9,95.50638902,13.46176265,28348.0,0.5001
95,11213,0.8932687659999999,11211213,11213 ZCTA5,11213 ZCTA5,us,860,0,ACSSF,13317,112,11213,86000US11213,56882.03,1.091012,62059,32.8,79.89655006,10.70226774,34794.0,0.4842
96,11214,0.82686697,11211214,11214 ZCTA5,11214 ZCTA5,us,860,0,ACSSF,13318,112,11214,86000US11214,38060.13,2.184859,83156,40.0,42.97705517,9.43689014,43398.0,0.4557
97,11215,0.909064084,11211215,11215 ZCTA5,11215 ZCTA5,us,860,0,ACSSF,13319,112,11215,86000US11215,31628.39,2.178138,68891,34.5,25.91630256,6.883887583,95654.0,0.4729
98,11216,0.889896494,11211216,11216 ZCTA5,11216 ZCTA5,us,860,0,ACSSF,13320,112,11216,86000US11216,57495.47,0.9354302,53783,34.8,84.18459364,11.23535853,43996.0,0.4944
99,11217,0.874765085,11211217,11217 ZCTA5,11217 ZCTA5,us,860,0,ACSSF,13321,112,11217,86000US11217,51667.01,0.7507111999999999,38787,34.9,45.16203883,8.527787853,81862.0,0.5088
100,11218,0.8771060890000001,11211218,11218 ZCTA5,11218 ZCTA5,us,860,0,ACSSF,13322,112,11218,86000US11218,52340.8,1.428293,74758,32.7,42.83688702,7.887130076,52445.0,0.4661
101,11219,0.865118226,11211219,11219 ZCTA5,11219 ZCTA5,us,860,0,ACSSF,13323,112,11219,86000US11219,65429.87,1.48206,96971,28.1,34.87537511,7.620106532,34316.0,0.4798
102,11220,0.867252659,11211220,11220 ZCTA5,11220 ZCTA5,us,860,0,ACSSF,13324,112,11220,86000US11220,57552.4,1.79122,103089,32.4,68.38362968,11.50573937,37580.0,0.4684
103,11221,0.884784783,11211221,11221 ZCTA5,11221 ZCTA5,us,860,0,ACSSF,13325,112,11221,86000US11221,58786.51,1.3833280000000001,81321,31.6,70.24507815,16.71579677,39178.0,0.4747
104,11222,0.872039725,11211222,11222 ZCTA5,11222 ZCTA5,us,860,0,ACSSF,13326,112,11222,86000US11222,22428.9,1.524194,34186,33.7,16.04165448,6.202023726,63739.0,0.4574
105,11223,0.820815893,11211223,11223 ZCTA5,11223 ZCTA5,us,860,0,ACSSF,13327,112,11223,86000US11223,35967.79,2.074245,74606,38.7,33.54958046,11.38203985,41328.0,0.4897
106,11224,0.875390048,11211224,11224 ZCTA5,11224 ZCTA5,us,860,0,ACSSF,13328,112,11224,86000US11224,27547.02,1.544087,42535,47.3,41.47643117,16.69773485,27481.0,0.5166
107,11225,0.908919725,11211225,11225 ZCTA5,11225 ZCTA5,us,860,0,ACSSF,13329,112,11225,86000US11225,66956.75,0.883884,59182,33.8,82.23277348,18.82246884,42922.0,0.4576
108,11226,0.9014370009999999,11211226,11226 ZCTA5,11226 ZCTA5,us,860,0,ACSSF,13330,112,11226,86000US11226,76257.16,1.289387,98325,33.8,90.43986779,13.25829361,40734.0,0.4668
109,11228,0.9035816240000001,11211228,11228 ZCTA5,11228 ZCTA5,us,860,0,ACSSF,13331,112,11228,86000US11228,29884.86,1.469942,43929,40.2,31.37335246,9.91902834,61893.0,0.4508
110,11229,0.846067391,11211229,11229 ZCTA5,11229 ZCTA5,us,860,0,ACSSF,13332,112,11229,86000US11229,37400.8,2.166531,81030,40.8,27.66999877,9.431481243,51725.0,0.4616
111,11230,0.872146185,11211230,11230 ZCTA5,11230 ZCTA5,us,860,0,ACSSF,13333,112,11230,86000US11230,45776.63,1.839782,84219,34.7,28.39620513,10.08316559,42170.0,0.5055
112,11231,0.900416929,11211231,11231 ZCTA5,11231 ZCTA5,us,860,0,ACSSF,13334,112,11231,86000US11231,24004.04,1.422136,34137,35.3,35.50106922,9.101162163,78174.0,0.5076
113,11232,0.875643653,11211232,11232 ZCTA5,11232 ZCTA5,us,860,0,ACSSF,13335,112,11232,86000US11232,22463.25,1.2831629999999998,28824,31.6,59.88412434,11.19535834,43595.0,0.4425
114,11233,0.869867928,11211233,11233 ZCTA5,11233 ZCTA5,us,860,0,ACSSF,13336,112,11233,86000US11233,50893.44,1.347895,68599,33.4,95.62821615,15.15559401,34492.0,0.5133
115,11234,0.888104916,11211234,11234 ZCTA5,11234 ZCTA5,us,860,0,ACSSF,13337,112,11234,86000US11234,12488.83,7.547467,94259,38.4,53.79751536,10.21929373,68431.0,0.4164
116,11235,0.8775113609999999,11211235,11235 ZCTA5,11235 ZCTA5,us,860,0,ACSSF,13338,112,11235,86000US11235,33232.58,2.245688,74630,44.5,18.74447273,8.139434554,41639.0,0.5204
117,11236,0.865820316,11211236,11236 ZCTA5,11236 ZCTA5,us,860,0,ACSSF,13339,112,11236,86000US11236,27041.18,3.5951470000000003,97217,37.1,93.46410607,9.924347031,61061.0,0.4049
118,11237,0.898590873,11211237,11237 ZCTA5,11237 ZCTA5,us,860,0,ACSSF,13340,112,11237,86000US11237,56623.82,0.9797644,55478,29.1,59.64886982,12.64891743,40372.0,0.48200000000000004
119,11238,0.920863597,11211238,11238 ZCTA5,11238 ZCTA5,us,860,0,ACSSF,13341,112,11238,86000US11238,46936.16,1.105651,51895,34.5,58.60872916,9.224869402,65315.0,0.4713
120,11354,0.924198926,11311354,11354 ZCTA5,11354 ZCTA5,us,860,0,ACSSF,13344,113,11354,86000US11354,25960.56,2.167057,56258,43.2,73.49532511,8.752296075,46566.0,0.46799999999999997
121,11355,0.912596327,11311355,11355 ZCTA5,11355 ZCTA5,us,860,0,ACSSF,13345,113,11355,86000US11355,47965.02,1.7350349999999999,83221,40.9,83.41524375,9.744807406,41884.0,0.4709
122,11356,0.9137335459999999,11311356,11356 ZCTA5,11356 ZCTA5,us,860,0,ACSSF,13346,113,11356,86000US11356,14660.31,1.571386,23037,37.2,60.16842471,10.38277899,58465.0,0.4053
123,11357,0.931962937,11311357,11357 ZCTA5,11357 ZCTA5,us,860,0,ACSSF,13347,113,11357,86000US11357,14587.54,2.801844,40872,43.9,23.50753572,11.10502738,71978.0,0.4102
124,11358,0.9183612259999999,11311358,11358 ZCTA5,11358 ZCTA5,us,860,0,ACSSF,13348,113,11358,86000US11358,19655.67,1.949412,38317,41.9,53.42798236,9.59555908,65722.0,0.441
125,11359,0.947833988,11311359,11359 ZCTA5,11359 ZCTA5,us,860,0,ACSSF,13349,113,11359,86000US11359,0.0,0.24581889999999998,0,,#DIV/0!,#DIV/0!,,
126,11360,0.94373619,11311360,11360 ZCTA5,11360 ZCTA5,us,860,0,ACSSF,13350,113,11360,86000US11360,13939.02,1.425136,19865,48.2,34.62371004,8.799522198,76183.0,0.4316
127,11361,0.906035301,11311361,11361 ZCTA5,11361 ZCTA5,us,860,0,ACSSF,13351,113,11361,86000US11361,17401.53,1.7582939999999998,30597,40.3,46.51763245,9.162351508,75335.0,0.4212
128,11362,0.88250928,11311362,11362 ZCTA5,11362 ZCTA5,us,860,0,ACSSF,13352,113,11362,86000US11362,7098.135,2.516858,17865,45.0,46.1125105,7.383594317,82332.0,0.4141
129,11363,0.9343979840000001,11311363,11363 ZCTA5,11363 ZCTA5,us,860,0,ACSSF,13353,113,11363,86000US11363,8466.752,0.8685739,7354,43.1,43.02420451,8.560118753,90799.0,0.4641
130,11364,0.9067892,11311364,11364 ZCTA5,11364 ZCTA5,us,860,0,ACSSF,13354,113,11364,86000US11364,14092.03,2.4660040000000003,34751,42.9,55.62429858,7.38813147,72909.0,0.4183
131,11365,0.9303627240000001,11311365,11365 ZCTA5,11365 ZCTA5,us,860,0,ACSSF,13355,113,11365,86000US11365,16792.05,2.496658,41924,41.7,62.38908501,10.35434429,55492.0,0.452
132,11366,0.9552042159999999,11311366,11366 ZCTA5,11366 ZCTA5,us,860,0,ACSSF,13356,113,11366,86000US11366,12332.25,1.094609,13499,41.4,50.17408697,11.60634161,71350.0,0.442
133,11367,0.899778182,11311367,11367 ZCTA5,11367 ZCTA5,us,860,0,ACSSF,13357,113,11367,86000US11367,17241.82,2.3792150000000003,41022,34.9,43.46448247,9.957836656,56608.0,0.4525
134,11368,0.896523647,11311368,11368 ZCTA5,11368 ZCTA5,us,860,0,ACSSF,13358,113,11368,86000US11368,41019.85,2.631945,107962,31.5,54.43304126,7.372088113,45964.0,0.4149
135,11369,0.889107816,11311369,11369 ZCTA5,11369 ZCTA5,us,860,0,ACSSF,13359,113,11369,86000US11369,38179.77,1.067607,40761,33.5,75.95005029,9.844169295,53617.0,0.4191
136,11370,0.92924629,11311370,11370 ZCTA5,11370 ZCTA5,us,860,0,ACSSF,13360,113,11370,86000US11370,26181.29,1.4225430000000001,37244,34.9,64.04253034,14.24265788,52500.0,0.442
137,11372,0.928174031,11311372,11372 ZCTA5,11372 ZCTA5,us,860,0,ACSSF,13362,113,11372,86000US11372,85863.12,0.7374529000000001,63320,38.2,38.47599495,8.197359277,48683.0,0.4419
138,11373,0.899014887,11311373,11373 ZCTA5,11373 ZCTA5,us,860,0,ACSSF,13363,113,11373,86000US11373,64919.09,1.527424,99159,36.2,60.18818262,6.331720775,47667.0,0.4523
139,11374,0.90338811,11311374,11374 ZCTA5,11374 ZCTA5,us,860,0,ACSSF,13364,113,11374,86000US11374,45269.32,0.9343414000000001,42297,40.6,35.04976712,9.376747387,52532.0,0.4752
140,11375,0.893971744,11311375,11375 ZCTA5,11375 ZCTA5,us,860,0,ACSSF,13365,113,11375,86000US11375,35224.04,1.9803810000000002,69757,42.1,34.88825494,6.836500092,72000.0,0.457
141,11377,0.7134589159999999,11311377,11377 ZCTA5,11377 ZCTA5,us,860,0,ACSSF,13366,113,11377,86000US11377,33894.45,2.546611,86316,35.8,53.0921266,7.736793405,49886.0,0.4176
142,11378,0.9327809359999999,11311378,11378 ZCTA5,11378 ZCTA5,us,860,0,ACSSF,13367,113,11378,86000US11378,12634.75,2.553909,32268,38.9,21.41750341,9.347432377,57474.0,0.4306
143,11379,0.94558328,11311379,11379 ZCTA5,11379 ZCTA5,us,860,0,ACSSF,13368,113,11379,86000US11379,17267.68,2.074512,35822,43.4,13.72620178,7.756036409,69843.0,0.4295
144,11385,0.84983411,11311385,11385 ZCTA5,11385 ZCTA5,us,860,0,ACSSF,13369,113,11385,86000US11385,27507.79,3.6127589999999996,99379,35.0,18.19901589,8.408377608,50799.0,0.4398
145,11411,0.851321613,11411411,11411 ZCTA5,11411 ZCTA5,us,860,0,ACSSF,13370,114,11411,86000US11411,16016.78,1.168899,18722,44.3,96.75248371,6.385313778,83099.0,0.3558
146,11412,0.8691165390000001,11411412,11412 ZCTA5,11412 ZCTA5,us,860,0,ACSSF,13371,114,11412,86000US11412,22579.25,1.646467,37176,39.1,97.69205939,15.80654393,70672.0,0.3831
147,11413,0.909440749,11411413,11413 ZCTA5,11413 ZCTA5,us,860,0,ACSSF,13372,114,11413,86000US11413,13028.48,3.0997470000000003,40385,39.0,96.88498205,8.720471527,78667.0,0.376
148,11414,0.8306971879999999,11411414,11414 ZCTA5,11414 ZCTA5,us,860,0,ACSSF,13373,114,11414,86000US11414,12216.56,2.299665,28094,45.1,15.79340785,9.14084507,66790.0,0.4211
149,11415,0.93099841,11411415,11415 ZCTA5,11415 ZCTA5,us,860,0,ACSSF,13374,114,11415,86000US11415,33697.13,0.5681493000000001,19145,36.9,39.83807783,7.681855241,63549.0,0.4113
150,11416,0.9076338540000001,11411416,11416 ZCTA5,11416 ZCTA5,us,860,0,ACSSF,13375,114,11416,86000US11416,38983.38,0.6656683000000001,25950,33.4,73.62620424,13.2369636,56724.0,0.4164
151,11417,0.919439468,11411417,11417 ZCTA5,11417 ZCTA5,us,860,0,ACSSF,13376,114,11417,86000US11417,27706.03,1.119035,31004,35.8,59.9793575,11.22130739,62086.0,0.4222
152,11418,1.0,11411418,11418 ZCTA5,11418 ZCTA5,us,860,0,ACSSF,13377,114,11418,86000US11418,22551.67,1.63305,36828,34.1,61.51840991,11.83803887,60691.0,0.4047
153,11419,0.926899246,11411419,11419 ZCTA5,11419 ZCTA5,us,860,0,ACSSF,13378,114,11419,86000US11419,43560.25,1.12931,49193,36.4,88.11009697,10.24997057,56735.0,0.4188
154,11420,0.905455908,11411420,11420 ZCTA5,11420 ZCTA5,us,860,0,ACSSF,13379,114,11420,86000US11420,23315.15,2.078005,48449,36.5,83.38252596,11.49371254,59832.0,0.4237
155,11421,0.937292102,11411421,11421 ZCTA5,11421 ZCTA5,us,860,0,ACSSF,13380,114,11421,86000US11421,33063.45,1.2880690000000001,42588,34.2,55.24795717,11.78419936,60897.0,0.4264
156,11422,0.85880743,11411422,11422 ZCTA5,11422 ZCTA5,us,860,0,ACSSF,13381,114,11422,86000US11422,16906.17,1.9685119999999998,33280,35.0,92.51502404,7.453886515,84824.0,0.3581
157,11423,0.858866293,11411423,11423 ZCTA5,11423 ZCTA5,us,860,0,ACSSF,13382,114,11423,86000US11423,22414.69,1.4109049999999999,31625,39.8,83.89249012,12.53222404,60892.0,0.4482
158,11426,0.9186293179999999,11411426,11426 ZCTA5,11426 ZCTA5,us,860,0,ACSSF,13385,114,11426,86000US11426,14510.45,1.3490280000000001,19575,39.8,51.85696041,8.987791983,82301.0,0.4051
159,11427,0.9146288920000001,11411427,11427 ZCTA5,11427 ZCTA5,us,860,0,ACSSF,13386,114,11427,86000US11427,15781.92,1.576298,24877,39.9,72.76600876,7.78058297,70108.0,0.4086
160,11428,0.9714285709999999,11411428,11428 ZCTA5,11428 ZCTA5,us,860,0,ACSSF,13387,114,11428,86000US11428,24389.29,0.8326197,20307,39.4,78.38676319,9.799947123,69330.0,0.3798
161,11429,0.9465751090000001,11411429,11429 ZCTA5,11429 ZCTA5,us,860,0,ACSSF,13388,114,11429,86000US11429,21759.68,1.3010760000000001,28311,39.9,93.67383702,15.21865138,68890.0,0.4043
162,11432,0.917611796,11411432,11432 ZCTA5,11432 ZCTA5,us,860,0,ACSSF,13390,114,11432,86000US11432,28703.23,2.149131,61687,36.0,77.25128471,13.10241444,50450.0,0.4586
163,11433,0.87646407,11411433,11433 ZCTA5,11433 ZCTA5,us,860,0,ACSSF,13391,114,11433,86000US11433,21148.12,1.551959,32821,32.4,95.89896712,18.30813491,42887.0,0.4766
164,11434,0.8838336040000001,11411434,11434 ZCTA5,11434 ZCTA5,us,860,0,ACSSF,13392,114,11434,86000US11434,19392.67,3.238801,62809,36.4,96.98291646,14.01963483,59229.0,0.3968
165,11435,0.887949104,11411435,11435 ZCTA5,11435 ZCTA5,us,860,0,ACSSF,13393,114,11435,86000US11435,35350.96,1.514584,53542,35.5,76.47267566,13.91984823,53041.0,0.418
166,11436,0.9160911829999999,11411436,11436 ZCTA5,11436 ZCTA5,us,860,0,ACSSF,13394,114,11436,86000US11436,22385.42,0.7878341999999999,17636,36.6,94.71535496,12.27243521,62114.0,0.3795
167,11691,0.863416154,11611691,11691 ZCTA5,11691 ZCTA5,us,860,0,ACSSF,13436,116,11691,86000US11691,21558.11,2.8337830000000004,61091,31.2,63.31538197,12.6146877,39409.0,0.5084
168,11692,0.8955868920000001,11611692,11692 ZCTA5,11692 ZCTA5,us,860,0,ACSSF,13437,116,11692,86000US11692,17698.36,0.9986235000000001,17674,35.4,74.00701596,14.36100132,43354.0,0.4653
169,11693,0.910767618,11611693,11693 ZCTA5,11693 ZCTA5,us,860,0,ACSSF,13438,116,11693,86000US11693,11367.43,0.9971471,11335,39.1,43.91707102,12.24450068,50570.0,0.4344
170,11694,0.898923287,11611694,11694 ZCTA5,11694 ZCTA5,us,860,0,ACSSF,13439,116,11694,86000US11694,15908.26,1.365643,21725,43.7,14.82163406,8.795298727,76944.0,0.4426
